Date,Price,Dividend,Earnings,CPI,long_i,Mkt-RF,SMB,HML,RF
1926-07-01,12.62,0.65,1.24,17.50,0.0351,0.0289,-0.0255,-0.0239,0.0022
1926-08-01,13.12,0.66,1.24,17.40,0.034816667,0.0264,-0.0114,0.0381,0.0025
1926-09-01,13.32,0.67,1.24,17.50,0.034533333,0.0038,-0.0136,0.0005,0.0023
1926-01-01,13.02,0.68,1.24,17.60,0.03425,-0.0327,-0.0014,0.0082,0.0032
1926-11-01,13.19,0.68,1.24,17.70,0.033966667,0.0254,-0.0011,-0.0061,0.0031
1926-12-01,13.49,0.69,1.24,17.70,0.033683333,0.0262,-0.0007,0.0006,0.0028
1927-01-01,13.40,0.70,1.23,17.50,0.0334,-0.0005,-0.0032,0.0458,0.0025
1927-02-01,13.66,0.70,1.22,17.40,0.033391667,0.0417,0.0007,0.0272,0.0026
1927-03-01,13.87,0.71,1.21,17.30,0.033383333,0.0014,-0.0177,-0.0238,0.003
1927-04-01,14.21,0.72,1.20,17.30,0.033375,0.0047,0.0039,0.0065,0.0025
1927-05-01,14.70,0.72,1.19,17.40,0.033366667,0.0545,0.0155,0.048,0.003
1927-06-01,14.89,0.73,1.18,17.60,0.033358333,-0.0238,0.0051,-0.0172,0.0026
1927-07-01,15.22,0.74,1.16,17.30,0.03335,0.0726,-0.0327,-0.0113,0.003
1927-08-01,16.03,0.74,1.15,17.20,0.033341667,0.0199,-0.0077,-0.0385,0.0028
1927-09-01,16.94,0.75,1.14,17.30,0.033333333,0.0477,-0.036,-0.0057,0.0021
1927-01-01,16.68,0.76,1.13,17.40,0.033325,-0.0429,0.0203,-0.0447,0.0025
1927-11-01,17.06,0.76,1.12,17.30,0.033316667,0.0652,0.0278,-0.0008,0.0021
1927-12-01,17.46,0.77,1.11,17.30,0.033308333,0.0209,0.0098,-0.0112,0.0022
1928-01-01,17.53,0.78,1.13,17.30,0.0333,-0.0057,0.042,-0.0071,0.0025
1928-02-01,17.32,0.78,1.16,17.10,0.033525,-0.0169,-0.0206,-0.0064,0.0033
1928-03-01,18.25,0.79,1.18,17.10,0.03375,0.0879,-0.0038,-0.0111,0.0029
1928-04-01,19.40,0.80,1.20,17.10,0.033975,0.0425,0.0414,0.0325,0.0022
1928-05-01,20.00,0.80,1.22,17.20,0.0342,0.0152,0.027,-0.03,0.0032
1928-06-01,19.02,0.81,1.25,17.10,0.034425,-0.049,-0.0376,0.0028,0.0031
1928-07-01,19.16,0.82,1.27,17.10,0.03465,0.0063,-0.0136,-0.0054,0.0032
1928-08-01,19.78,0.82,1.29,17.10,0.034875,0.0669,-0.0204,-0.0213,0.0032
1928-09-01,21.17,0.83,1.31,17.30,0.0351,0.0287,0.024,0.0084,0.0027
1928-01-01,21.60,0.84,1.34,17.20,0.035325,0.0131,0.0224,-0.0214,0.0041
1928-11-01,23.06,0.84,1.36,17.20,0.03555,0.1182,-0.0182,0.0265,0.0038
1928-12-01,23.15,0.85,1.38,17.10,0.035775,0.004,-0.0093,-0.0052,0.0006
1929-01-01,24.86,0.86,1.40,17.10,0.036,0.0466,-0.0335,-0.0122,0.0034
1929-02-01,24.99,0.87,1.42,17.10,0.035741667,-0.0034,-0.0033,0.0166,0.0036
1929-03-01,25.43,0.88,1.44,17.00,0.035483333,-0.0085,-0.0491,0.0157,0.0034
1929-04-01,25.28,0.89,1.46,16.90,0.035225,0.0147,-0.0112,0.0093,0.0036
1929-05-01,25.66,0.90,1.48,17.00,0.034966667,-0.0638,-0.0544,-0.0152,0.0044
1929-06-01,26.15,0.91,1.50,17.10,0.034708333,0.097,-0.0214,-0.0274,0.0052
1929-07-01,28.48,0.92,1.51,17.30,0.03445,0.0448,-0.0387,0.0267,0.0033
1929-08-01,30.10,0.93,1.53,17.30,0.034191667,0.0814,-0.0975,0.0032,0.004
1929-09-01,31.30,0.94,1.55,17.30,0.033933333,-0.0545,0.0134,-0.0079,0.0035
1929-01-01,27.99,0.95,1.57,17.30,0.033675,-0.2007,-0.0495,0.0754,0.0046
1929-11-01,20.58,0.96,1.59,17.30,0.033416667,-0.1287,-0.0088,0.0505,0.0037
1929-12-01,21.40,0.97,1.61,17.20,0.033158333,0.0128,-0.041,-0.0014,0.0037
1930-01-01,21.71,0.97,1.56,17.10,0.0329,0.0561,0.0349,-0.0103,0.0014
1930-02-01,23.07,0.97,1.50,17.00,0.032941667,0.025,0.0028,0.0028,0.003
1930-03-01,23.94,0.97,1.45,16.90,0.032983333,0.0709,0.0339,0.003,0.0035
1930-04-01,25.46,0.97,1.40,17.00,0.033025,-0.0205,-0.0035,-0.0037,0.0021
1930-05-01,23.94,0.97,1.34,16.90,0.033066667,-0.0166,-0.021,-0.0074,0.0026
1930-06-01,21.52,0.98,1.29,16.80,0.033108333,-0.1608,-0.0359,0.024,0.0027
1930-07-01,21.06,0.98,1.24,16.60,0.03315,0.0412,-0.0027,-0.017,0.002
1930-08-01,20.79,0.98,1.18,16.50,0.033191667,0.003,-0.0216,-0.0059,0.0009
1930-09-01,20.78,0.98,1.13,16.60,0.033233333,-0.1281,-0.0241,-0.0509,0.0022
1930-01-01,17.92,0.98,1.08,16.50,0.033275,-0.0878,-0.002,-0.0109,0.0009
1930-11-01,16.62,0.98,1.02,16.40,0.033316667,-0.0304,0.0246,-0.0381,0.0013
1930-12-01,15.51,0.98,0.97,16.10,0.033358333,-0.0786,-0.0467,-0.0569,0.0014
1931-01-01,15.98,0.97,0.94,15.90,0.0334,0.0625,0.0347,0.0824,0.0015
1931-02-01,17.20,0.95,0.91,15.70,0.033683333,0.1088,0.0345,0.0163,0.0004
1931-03-01,17.53,0.94,0.88,15.60,0.033966667,-0.0635,0.0283,-0.032,0.0013
1931-04-01,15.86,0.93,0.85,15.50,0.03425,-0.1,-0.0422,-0.0433,0.0008
1931-05-01,14.33,0.91,0.82,15.30,0.034533333,-0.1329,0.0522,-0.0631,0.0009
1931-06-01,13.87,0.90,0.79,15.10,0.034816667,0.1393,-0.0501,0.117,0.0008
1931-07-01,14.33,0.89,0.76,15.10,0.0351,-0.0663,0.0149,-0.022,0.0006
1931-08-01,13.90,0.87,0.73,15.10,0.035383333,0.004,-0.0208,-0.017,0.0003
1931-09-01,11.83,0.86,0.70,15.00,0.035666667,-0.2874,-0.0102,-0.0724,0.0003
1931-01-01,10.25,0.85,0.67,14.90,0.03595,0.0799,-0.0028,0.0312,0.001
1931-11-01,10.39,0.83,0.64,14.70,0.036233333,-0.0914,0.044,-0.0519,0.0017
1931-12-01,8.44,0.82,0.61,14.60,0.036516667,-0.1352,-0.0087,-0.0919,0.0012
1932-01-01,8.30,0.79,0.59,14.30,0.0368,-0.0157,0.0441,0.0974,0.0023
1932-02-01,8.23,0.77,0.58,14.10,0.036491667,0.0545,-0.0251,-0.0147,0.0023
1932-03-01,8.26,0.74,0.56,14.00,0.036183333,-0.113,0.0213,-0.022,0.0016
1932-04-01,6.28,0.71,0.54,13.90,0.035875,-0.1794,0.0093,0.0207,0.0011
1932-05-01,5.51,0.69,0.53,13.70,0.035566667,-0.2051,0.0421,-0.0408,0.0006
1932-06-01,4.77,0.66,0.51,13.60,0.035258333,-0.0077,0.004,0.0585,0.0002
1932-07-01,5.01,0.63,0.49,13.60,0.03495,0.3361,-0.0429,0.3552,0.0002
1932-08-01,7.53,0.61,0.48,13.50,0.034641667,0.3712,0.1346,0.342,0.0003
1932-09-01,8.26,0.58,0.46,13.40,0.034333333,-0.0294,-0.0215,-0.0737,0.0003
1932-01-01,7.12,0.55,0.44,13.30,0.034025,-0.1315,-0.0259,-0.1047,0.0002
1932-11-01,7.05,0.53,0.43,13.20,0.033716667,-0.0588,0.0183,-0.1319,0.0002
1932-12-01,6.82,0.50,0.41,13.10,0.033408333,0.0442,-0.083,-0.0754,0.0001
1933-01-01,7.09,0.50,0.41,12.90,0.0331,0.0124,0.0073,0.0646,0.0001
1933-02-01,6.25,0.49,0.42,12.70,0.032941667,-0.1529,-0.0263,-0.0292,-0.0003
1933-03-01,6.23,0.49,0.42,12.60,0.032783333,0.0306,0.036,0.0709,0.0004
1933-04-01,6.89,0.48,0.42,12.60,0.032625,0.3881,0.0302,0.201,0.001
1933-05-01,8.87,0.48,0.42,12.60,0.032466667,0.2143,0.3596,0.1866,0.0004
1933-06-01,10.39,0.47,0.43,12.70,0.032308333,0.131,0.0865,-0.0164,0.0002
1933-07-01,11.23,0.47,0.43,13.10,0.03215,-0.0964,-0.0106,0.033,0.0002
1933-08-01,10.67,0.46,0.43,13.20,0.031991667,0.1204,-0.0516,0.0305,0.0003
1933-09-01,10.58,0.46,0.43,13.20,0.031833333,-0.1065,-0.0058,-0.1171,0.0002
1933-01-01,9.55,0.45,0.44,13.20,0.031675,-0.0836,-0.0007,-0.0849,0.0001
1933-11-01,9.78,0.45,0.44,13.20,0.031516667,0.0997,-0.0637,0.0227,0.0002
1933-12-01,9.97,0.44,0.44,13.20,0.031358333,0.0182,0.0036,-0.0199,0.0002
1934-01-01,10.54,0.44,0.44,13.20,0.0312,0.126,0.1321,0.162,0.0005
1934-02-01,11.32,0.44,0.45,13.30,0.030925,-0.0251,0.0505,0.0186,0.0002
1934-03-01,10.74,0.44,0.45,13.30,0.03065,0.0009,0.0245,-0.0259,0.0002
1934-04-01,10.92,0.44,0.46,13.30,0.030375,-0.0179,0.0273,-0.0383,0.0001
1934-05-01,9.81,0.44,0.46,13.30,0.0301,-0.0726,-0.0031,-0.059,0.0001
1934-06-01,9.94,0.45,0.47,13.40,0.029825,0.0271,-0.0218,-0.0285,0.0001
1934-07-01,9.47,0.45,0.47,13.40,0.02955,-0.1094,-0.0712,-0.1076,0.0001
1934-08-01,9.10,0.45,0.47,13.40,0.029275,0.0558,0.0555,0.0017,0.0001
1934-09-01,8.88,0.45,0.48,13.60,0.029,-0.0024,-0.015,-0.0121,0.0001
1934-01-01,8.95,0.45,0.48,13.50,0.028725,-0.0166,0.0123,-0.05,0.0001
1934-11-01,9.20,0.45,0.49,13.50,0.02845,0.0833,0.066,-0.0214,0.0001
1934-12-01,9.26,0.45,0.49,13.40,0.028175,0.0036,0.0328,-0.0316,0.0001
1935-01-01,9.26,0.45,0.57,13.60,0.0279,-0.0346,0.0096,-0.0177,0.0001
1935-02-01,8.98,0.45,0.65,13.70,0.027783333,-0.0196,0.0032,-0.0748,0.0002
1935-03-01,8.41,0.45,0.73,13.70,0.027666667,-0.0371,-0.0343,-0.0503,0.0001
1935-04-01,9.04,0.45,0.76,13.80,0.02755,0.0906,-0.0158,0.0437,0.0001
1935-05-01,9.75,0.44,0.78,13.80,0.027433333,0.0346,-0.032,0.0245,0.0001
1935-06-01,10.12,0.44,0.81,13.70,0.027316667,0.0593,-0.0253,-0.0152,0.0001
1935-07-01,10.65,0.44,0.79,13.70,0.0272,0.0754,0.0202,0.0658,0.0001
1935-08-01,11.37,0.44,0.78,13.70,0.027083333,0.0265,0.0601,0.0629,0.0001
1935-09-01,11.61,0.44,0.76,13.70,0.026966667,0.0262,0.0155,-0.0412,0.0001
1935-01-01,11.92,0.45,0.76,13.70,0.02685,0.0703,0.0267,-0.0233,0.0001
1935-11-01,13.04,0.46,0.76,13.80,0.026733333,0.0487,0.0465,0.122,0.0002
1935-12-01,13.04,0.47,0.76,13.80,0.026616667,0.0455,0.0009,0.0083,0.0001
1936-01-01,13.76,0.48,0.77,13.80,0.0265,0.0689,0.056,0.1095,0.0001
1936-02-01,14.55,0.49,0.78,13.80,0.026525,0.0249,0.0084,0.0433,0.0001
1936-03-01,14.86,0.50,0.79,13.70,0.02655,0.0096,0.0069,-0.0159,0.0002
1936-04-01,14.88,0.52,0.82,13.70,0.026575,-0.0814,-0.0599,-0.0228,0.0002
1936-05-01,14.09,0.53,0.85,13.70,0.0266,0.0519,0.0089,0.0255,0.0002
1936-06-01,14.69,0.55,0.88,13.80,0.026625,0.024,-0.0322,-0.0119,0.0003
1936-07-01,15.56,0.57,0.90,13.90,0.02665,0.0668,0.0107,0.0253,0.0001
1936-08-01,15.87,0.59,0.92,14.00,0.026675,0.0099,0.0061,0.0379,0.0002
1936-09-01,16.05,0.61,0.94,14.00,0.0267,0.0097,0.0312,0.0094,0.0001
1936-01-01,16.89,0.65,0.97,14.00,0.026725,0.071,-0.0235,0.0251,0.0002
1936-11-01,17.36,0.68,0.99,14.00,0.02675,0.0326,0.087,-0.0125,0.0001
1936-12-01,17.06,0.72,1.02,14.00,0.026775,0.002,0.0387,0.0414,0
1937-01-01,17.59,0.73,1.05,14.10,0.0268,0.0335,0.0449,0.0278,0.0001
1937-02-01,18.11,0.74,1.08,14.10,0.0267,0.0108,0.0064,0.0428,0.0002
1937-03-01,18.09,0.75,1.11,14.20,0.0266,-0.0026,-0.0125,0.0704,0.0001
1937-04-01,17.01,0.78,1.13,14.30,0.0265,-0.0736,-0.0372,-0.0346,0.0003
1937-05-01,16.25,0.81,1.15,14.40,0.0264,-0.0083,-0.0069,-0.0346,0.0006
1937-06-01,15.64,0.84,1.17,14.40,0.0263,-0.0423,-0.0391,-0.0312,0.0003
1937-07-01,16.57,0.82,1.19,14.50,0.0262,0.0891,0.0088,0.0081,0.0003
1937-08-01,16.74,0.79,1.20,14.50,0.0261,-0.0488,0.0045,-0.0225,0.0002
1937-09-01,14.37,0.77,1.22,14.60,0.026,-0.1362,-0.07,-0.0455,0.0004
1937-01-01,12.28,0.78,1.19,14.60,0.0259,-0.0959,0.0045,-0.0152,0.0002
1937-11-01,11.20,0.79,1.16,14.50,0.0258,-0.0833,-0.0356,0.0022,0.0002
1937-12-01,11.02,0.80,1.13,14.40,0.0257,-0.0429,-0.0792,-0.0047,0
1938-01-01,11.31,0.79,1.08,14.20,0.0256,0.0048,0.0484,-0.0153,0
1938-02-01,11.04,0.79,1.02,14.10,0.025433333,0.0585,0.0041,-0.0197,0
1938-03-01,10.31,0.78,0.97,14.10,0.025266667,-0.2391,-0.043,-0.0363,-0.0001
1938-04-01,9.89,0.77,0.90,14.20,0.0251,0.1448,0.064,0.0045,0.0001
1938-05-01,9.98,0.75,0.84,14.10,0.024933333,-0.0386,-0.0247,-0.0024,0
1938-06-01,10.21,0.74,0.77,14.10,0.024766667,0.2389,0.0422,0.0037,0
1938-07-01,12.24,0.71,0.72,14.10,0.0246,0.0733,0.0669,0.0228,-0.0001
1938-08-01,12.31,0.69,0.67,14.10,0.024433333,-0.0268,-0.0248,-0.0478,0
1938-09-01,11.75,0.66,0.62,14.10,0.024266667,0.0083,-0.0268,-0.017,0.0002
1938-01-01,13.06,0.61,0.63,14.00,0.0241,0.078,0.0581,0.0504,0.0001
1938-11-01,13.07,0.56,0.63,14.00,0.023933333,-0.0174,-0.0255,-0.012,-0.0006
1938-12-01,12.69,0.51,0.64,14.00,0.023766667,0.0416,-0.0181,0.0054,0
1939-01-01,12.50,0.51,0.66,14.00,0.0236,-0.0597,-0.0154,-0.0392,-0.0001
1939-02-01,12.40,0.52,0.69,13.90,0.023475,0.0351,0.0061,0.0292,0.0001
1939-03-01,12.39,0.52,0.71,13.90,0.02335,-0.1203,-0.0475,-0.0827,-0.0001
1939-04-01,10.83,0.52,0.73,13.80,0.023225,-0.0018,0.0167,-0.003,0
1939-05-01,11.23,0.53,0.74,13.80,0.0231,0.0681,0.028,0.0047,0.0001
1939-06-01,11.43,0.53,0.76,13.80,0.022975,-0.0533,-0.0109,-0.0528,0.0001
1939-07-01,11.71,0.54,0.78,13.80,0.02285,0.1022,0.0418,0.0013,0
1939-08-01,11.54,0.55,0.79,13.80,0.022725,-0.0668,-0.0459,-0.0247,-0.0001
1939-09-01,12.77,0.56,0.81,14.10,0.0226,0.1689,0.2057,0.2176,0.0001
1939-01-01,12.90,0.58,0.84,14.00,0.022475,-0.0053,-0.0008,-0.0479,0
1939-11-01,12.67,0.60,0.87,14.00,0.02235,-0.0365,-0.0512,-0.063,0
1939-12-01,12.37,0.62,0.90,14.00,0.022225,0.0293,0.0092,-0.0419,0
1940-01-01,12.30,0.62,0.93,13.90,0.0221,-0.0241,0.0023,-0.0077,0
1940-02-01,12.22,0.63,0.96,14.00,0.021883333,0.0144,0.0252,-0.0036,0
1940-03-01,12.15,0.63,0.99,14.00,0.021666667,0.0205,0.0124,-0.0127,0
1940-04-01,12.27,0.64,1.01,14.00,0.02145,0.0022,0.0399,-0.0022,0
1940-05-01,10.58,0.64,1.02,14.00,0.021233333,-0.22,-0.0662,-0.0372,-0.0002
1940-06-01,9.67,0.65,1.04,14.10,0.021016667,0.0669,-0.0232,0.0488,0
1940-07-01,9.99,0.66,1.05,14.00,0.0208,0.0317,0.0099,-0.0075,0.0001
1940-08-01,10.20,0.66,1.07,14.00,0.020583333,0.0221,-0.0018,0.0055,-0.0001
1940-09-01,10.63,0.67,1.08,14.00,0.020366667,0.0239,0.032,-0.0114,0
1940-01-01,10.73,0.67,1.07,14.00,0.02015,0.0303,0.0033,0.0465,0
1940-11-01,10.98,0.67,1.06,14.00,0.019933333,-0.0165,0.0198,0.0016,0
1940-12-01,10.53,0.67,1.05,14.10,0.019716667,0.0069,-0.0212,-0.0089,0
1941-01-01,10.55,0.67,1.05,14.10,0.0195,-0.0418,0.0098,0.0383,-0.0001
1941-02-01,9.89,0.68,1.06,14.10,0.019925,-0.0143,-0.0156,0.0089,-0.0001
1941-03-01,9.95,0.68,1.06,14.20,0.02035,0.0084,0.0009,0.0305,0.0001
1941-04-01,9.64,0.68,1.07,14.30,0.020775,-0.0546,-0.0167,0.0341,-0.0001
1941-05-01,9.43,0.69,1.08,14.40,0.0212,0.0137,-0.0064,0.0061,0
1941-06-01,9.76,0.69,1.09,14.70,0.021625,0.0583,0.0131,0.0061,0
1941-07-01,10.26,0.69,1.12,14.70,0.02205,0.0587,0.0574,0.0724,0.0003
1941-08-01,10.21,0.70,1.16,14.90,0.022475,-0.0017,-0.0043,-0.011,0.0001
1941-09-01,10.24,0.70,1.19,15.10,0.0229,-0.0088,-0.0098,-0.0027,0.0001
1941-01-01,9.83,0.70,1.18,15.30,0.023325,-0.0526,-0.0207,0.0163,0
1941-11-01,9.37,0.71,1.17,15.40,0.02375,-0.0195,-0.0108,-0.006,0
1941-12-01,8.76,0.71,1.16,15.50,0.024175,-0.0488,-0.0286,-0.0594,0.0001
1942-01-01,8.93,0.70,1.12,15.70,0.0246,0.0079,0.0745,0.101,0.0002
1942-02-01,8.65,0.70,1.08,15.80,0.024608333,-0.0246,0.0174,-0.0115,0.0001
1942-03-01,8.18,0.69,1.04,16.00,0.024616667,-0.066,0.0187,-0.0061,0.0001
1942-04-01,7.84,0.68,1.02,16.10,0.024625,-0.0437,-0.0044,0.0209,0.0001
1942-05-01,7.93,0.67,1.00,16.30,0.024633333,0.0596,-0.032,-0.0267,0.0003
1942-06-01,8.33,0.66,0.98,16.30,0.024641667,0.0268,-0.0128,0.0043,0.0002
1942-07-01,8.64,0.65,0.97,16.40,0.02465,0.0351,-0.0015,0.0241,0.0003
1942-08-01,8.59,0.63,0.95,16.50,0.024658333,0.018,-0.0004,0.0133,0.0003
1942-09-01,8.68,0.62,0.94,16.50,0.024666667,0.0262,0.0063,0.0239,0.0003
1942-01-01,9.32,0.61,0.97,16.70,0.024675,0.0682,0.0169,0.0647,0.0003
1942-11-01,9.47,0.60,1.00,16.80,0.024683333,0.0013,-0.0142,-0.0423,0.0003
1942-12-01,9.52,0.59,1.03,16.90,0.024691667,0.0514,-0.0255,0.0055,0.0003
1943-01-01,10.09,0.59,1.04,16.90,0.0247,0.0713,0.0877,0.0823,0.0003
1943-02-01,10.69,0.59,1.06,16.90,0.024708333,0.0616,0.0484,0.0652,0.0003
1943-03-01,11.07,0.59,1.07,17.20,0.024716667,0.0603,0.0513,0.0549,0.0003
1943-04-01,11.44,0.59,1.08,17.40,0.024725,0.0081,0.0209,0.0586,0.0003
1943-05-01,11.89,0.59,1.09,17.50,0.024733333,0.0575,0.0446,0.0328,0.0002
1943-06-01,12.10,0.59,1.10,17.50,0.024741667,0.0182,-0.0098,-0.0075,0.0003
1943-07-01,12.35,0.59,1.09,17.40,0.02475,-0.0478,-0.0231,-0.0223,0.0003
1943-08-01,11.74,0.60,1.09,17.30,0.024758333,0.013,-0.0064,-0.0047,0.0003
1943-09-01,11.99,0.60,1.08,17.40,0.024766667,0.024,0.013,0.0142,0.0003
1943-01-01,11.88,0.60,1.03,17.40,0.024775,-0.0115,0.006,0.0168,0.0003
1943-11-01,11.33,0.61,0.99,17.40,0.024783333,-0.0593,-0.0157,-0.0399,0.0003
1943-12-01,11.48,0.61,0.94,17.40,0.024791667,0.0637,0.031,0.029,0.0003
1944-01-01,11.85,0.61,0.94,17.40,0.0248,0.0174,0.0261,0.0229,0.0003
1944-02-01,11.77,0.62,0.93,17.40,0.024708333,0.0037,-0.0008,0.0085,0.0003
1944-03-01,12.10,0.62,0.93,17.40,0.024616667,0.0246,0.0165,0.0335,0.0002
1944-04-01,11.89,0.62,0.93,17.50,0.024525,-0.0169,-0.0131,-0.0106,0.0003
1944-05-01,12.10,0.63,0.92,17.50,0.024433333,0.0508,0.0168,0.0103,0.0003
1944-06-01,12.67,0.63,0.92,17.60,0.024341667,0.0551,0.0411,0.0189,0.0003
1944-07-01,13.00,0.63,0.91,17.70,0.02425,-0.0149,0.0058,-0.0042,0.0003
1944-08-01,12.81,0.64,0.91,17.70,0.024158333,0.0156,0.0237,-0.0144,0.0003
1944-09-01,12.60,0.64,0.90,17.70,0.024066667,0.0002,0.0048,-0.012,0.0002
1944-01-01,12.91,0.64,0.91,17.70,0.023975,0.0016,-0.0016,-0.0036,0.0003
1944-11-01,12.82,0.64,0.92,17.70,0.023883333,0.0171,0.0035,0.0238,0.0003
1944-12-01,13.10,0.64,0.93,17.80,0.023791667,0.0404,0.0223,0.0587,0.0002
1945-01-01,13.49,0.64,0.94,17.80,0.0237,0.0201,0.0245,0.0068,0.0003
1945-02-01,13.94,0.65,0.95,17.80,0.02355,0.0623,0.0162,0.0443,0.0002
1945-03-01,13.93,0.65,0.96,17.80,0.0234,-0.0391,-0.0166,-0.0157,0.0002
1945-04-01,14.28,0.65,0.97,17.80,0.02325,0.078,0.0048,0.0311,0.0003
1945-05-01,14.82,0.65,0.99,17.90,0.0231,0.0174,0.0153,0.0034,0.0003
1945-06-01,15.09,0.65,1.00,18.10,0.02295,0.0039,0.0314,0.0427,0.0002
1945-07-01,14.78,0.65,1.00,18.10,0.0228,-0.0217,-0.0145,-0.0273,0.0003
1945-08-01,14.83,0.66,0.99,18.10,0.02265,0.0622,0.016,-0.044,0.0003
1945-09-01,15.84,0.66,0.99,18.10,0.0225,0.0477,0.0174,0.0046,0.0003
1945-01-01,16.50,0.66,0.98,18.10,0.02235,0.0389,0.0236,0.0214,0.0003
1945-11-01,17.04,0.66,0.97,18.10,0.0222,0.054,0.0418,0.0435,0.0002
1945-12-01,17.33,0.66,0.96,18.20,0.02205,0.0119,0.0216,-0.024,0.0003
1946-01-01,18.02,0.67,0.94,18.20,0.0219,0.0624,0.0398,0.0228,0.0003
1946-02-01,18.07,0.67,0.92,18.10,0.02195,-0.0584,-0.0068,-0.0127,0.0003
1946-03-01,17.53,0.68,0.90,18.30,0.022,0.0588,0.003,-0.0037,0.0003
1946-04-01,18.66,0.68,0.88,18.40,0.02205,0.0423,0.0237,0.0046,0.0003
1946-05-01,18.70,0.68,0.86,18.50,0.0221,0.0394,0.0148,0.011,0.0003
1946-06-01,18.58,0.68,0.84,18.70,0.02215,-0.0389,-0.0155,-0.0053,0.0003
1946-07-01,18.05,0.68,0.86,19.80,0.0222,-0.0269,-0.0191,0.0005,0.0003
1946-08-01,17.70,0.69,0.87,20.20,0.02225,-0.0646,-0.018,0.006,0.0003
1946-09-01,15.09,0.69,0.89,20.40,0.0223,-0.1018,-0.0443,-0.0197,0.0003
1946-01-01,14.75,0.70,0.95,20.80,0.02235,-0.0144,0.0017,0.0345,0.0003
1946-11-01,14.69,0.70,1.00,21.30,0.0224,-0.0002,-0.0037,0.0153,0.0003
1946-12-01,15.13,0.71,1.06,21.50,0.02245,0.0497,0,-0.0141,0.0003
1947-01-01,15.21,0.71,1.13,21.50,0.0225,0.0125,0.022,-0.0074,0.0003
1947-02-01,15.80,0.72,1.20,21.50,0.022658333,-0.0109,0.007,0.0014,0.0003
1947-03-01,15.16,0.72,1.27,21.90,0.022816667,-0.0168,-0.016,0.0061,0.0003
1947-04-01,14.60,0.73,1.33,21.90,0.022975,-0.048,-0.0397,0.0085,0.0003
1947-05-01,14.34,0.75,1.38,21.90,0.023133333,-0.0096,-0.0327,0.0032,0.0003
1947-06-01,14.84,0.76,1.44,22.00,0.023291667,0.053,-0.0033,-0.0064,0.0003
1947-07-01,15.77,0.77,1.48,22.20,0.02345,0.0413,0.0147,0.0276,0.0003
1947-08-01,15.46,0.78,1.51,22.50,0.023608333,-0.0174,0.0033,0.0014,0.0003
1947-09-01,15.06,0.79,1.55,23.00,0.023766667,-0.0054,0.0162,0.0136,0.0006
1947-01-01,15.45,0.81,1.57,23.00,0.023925,0.0247,0.0052,0.0011,0.0006
1947-11-01,15.27,0.82,1.59,23.10,0.024083333,-0.0199,-0.0169,0.0107,0.0006
1947-12-01,15.03,0.84,1.61,23.40,0.024241667,0.0301,-0.0247,0.0374,0.0008
1948-01-01,14.83,0.84,1.64,23.70,0.0244,-0.0393,0.0252,0.0138,0.0007
1948-02-01,14.10,0.85,1.68,23.50,0.024291667,-0.0438,-0.017,0.0005,0.0007
1948-03-01,14.30,0.85,1.71,23.40,0.024183333,0.0811,0.0012,0.0452,0.0009
1948-04-01,15.40,0.85,1.76,23.80,0.024075,0.0365,-0.0164,0.0412,0.0008
1948-05-01,16.15,0.85,1.81,23.90,0.023966667,0.0732,0.0087,-0.0127,0.0008
1948-06-01,16.82,0.85,1.86,24.10,0.023858333,-0.0011,-0.0178,0.0284,0.0009
1948-07-01,16.42,0.86,1.93,24.40,0.02375,-0.0508,-0.0038,0.0011,0.0008
1948-08-01,15.94,0.86,2.00,24.50,0.023641667,0.0024,-0.0113,0.0029,0.0009
1948-09-01,15.76,0.87,2.07,24.50,0.023533333,-0.0299,-0.0127,-0.0177,0.0004
1948-01-01,16.19,0.89,2.14,24.40,0.023425,0.0596,-0.0148,0.0058,0.0004
1948-11-01,15.29,0.91,2.22,24.20,0.023316667,-0.0934,-0.0061,-0.0415,0.0004
1948-12-01,15.19,0.93,2.29,24.10,0.023208333,0.0326,-0.0285,-0.0195,0.0004
1949-01-01,15.36,0.95,2.32,24.00,0.0231,0.0023,0.0171,0.0125,0.001
1949-02-01,14.77,0.96,2.35,23.80,0.023108333,-0.0293,-0.0187,-0.0089,0.0009
1949-03-01,14.91,0.98,2.38,23.80,0.023116667,0.0405,0.0248,0.0131,0.001
1949-04-01,14.89,0.99,2.39,23.90,0.023125,-0.0187,-0.0092,-0.0112,0.0009
1949-05-01,14.78,1.01,2.39,23.80,0.023133333,-0.0298,-0.0078,-0.0239,0.001
1949-06-01,13.97,1.02,2.40,23.90,0.023141667,0.001,-0.0086,-0.0165,0.001
1949-07-01,14.76,1.03,2.40,23.70,0.02315,0.0554,0.0055,0.0039,0.0009
1949-08-01,15.29,1.03,2.39,23.80,0.023158333,0.0259,0.0014,-0.0059,0.0009
1949-09-01,15.49,1.04,2.39,23.90,0.023166667,0.0309,0.0105,0.0023,0.0009
1949-01-01,15.89,1.07,2.37,23.70,0.023175,0.0314,0.0103,-0.0049,0.0009
1949-11-01,16.11,1.11,2.34,23.80,0.023183333,0.0181,-0.0094,-0.009,0.0008
1949-12-01,16.54,1.14,2.32,23.60,0.023191667,0.0514,0.0208,0.0173,0.0009
1950-01-01,16.88,1.15,2.34,23.50,0.0232,0.017,0.0334,0.0015,0.0009
1950-02-01,17.21,1.16,2.35,23.50,0.023408333,0.0148,0.0002,-0.0079,0.0009
1950-03-01,17.35,1.17,2.37,23.60,0.023616667,0.0126,-0.0143,-0.0278,0.001
1950-04-01,17.84,1.18,2.43,23.60,0.023825,0.0394,0.02,0.0133,0.0009
1950-05-01,18.44,1.19,2.48,23.70,0.024033333,0.0432,-0.0213,0.0047,0.001
1950-06-01,18.74,1.20,2.54,23.80,0.024241667,-0.0596,-0.0241,-0.0079,0.001
1950-07-01,17.38,1.24,2.60,24.10,0.02445,0.0137,0.0054,0.1369,0.001
1950-08-01,18.43,1.29,2.66,24.30,0.024658333,0.0486,0.0074,-0.0137,0.001
1950-09-01,19.08,1.33,2.72,24.40,0.024866667,0.0482,0.0059,-0.011,0.001
1950-01-01,19.87,1.38,2.76,24.60,0.025075,-0.0019,-0.0066,0.0136,0.0012
1950-11-01,19.83,1.42,2.80,24.70,0.025283333,0.0274,-0.0089,0.0319,0.0011
1950-12-01,19.75,1.47,2.84,25.00,0.025491667,0.0557,0.0153,0.0727,0.0011
1951-01-01,21.21,1.49,2.84,25.40,0.0257,0.057,0.0167,0.0379,0.0013
1951-02-01,22.00,1.50,2.83,25.70,0.025791667,0.014,0.0014,-0.0279,0.001
1951-03-01,21.63,1.52,2.83,25.80,0.025883333,-0.0216,-0.0066,-0.0426,0.0011
1951-04-01,21.92,1.53,2.79,25.80,0.025975,0.0486,-0.0148,0.0326,0.0013
1951-05-01,21.93,1.55,2.76,25.90,0.026066667,-0.0236,-0.0008,-0.0142,0.0012
1951-06-01,21.55,1.56,2.72,25.90,0.026158333,-0.0263,-0.0196,-0.0398,0.0012
1951-07-01,21.93,1.55,2.65,25.90,0.02625,0.0695,-0.0205,0.02,0.0013
1951-08-01,22.89,1.53,2.58,25.90,0.026341667,0.0429,0.0095,-0.0017,0.0013
1951-09-01,23.48,1.52,2.51,26.10,0.026433333,0.007,0.0186,0.0062,0.0012
1951-01-01,23.36,1.48,2.49,26.20,0.026525,-0.0253,-0.0023,0.0018,0.0016
1951-11-01,22.71,1.45,2.46,26.40,0.026616667,0.0058,-0.0033,-0.0008,0.0011
1951-12-01,23.41,1.41,2.44,26.50,0.026708333,0.0333,-0.0224,-0.0155,0.0012
1952-01-01,24.19,1.41,2.43,26.50,0.0268,0.0145,-0.0065,0.0148,0.0015
1952-02-01,23.75,1.42,2.41,26.30,0.026925,-0.0264,0.0085,-0.0062,0.0012
1952-03-01,23.81,1.42,2.40,26.30,0.02705,0.0444,-0.0297,0.0223,0.0011
1952-04-01,23.74,1.43,2.38,26.40,0.027175,-0.0497,0.0049,-0.0003,0.0012
1952-05-01,23.73,1.44,2.36,26.40,0.0273,0.032,-0.01,0.0002,0.0013
1952-06-01,24.38,1.45,2.34,26.50,0.027425,0.0384,-0.0163,0.0124,0.0015
1952-07-01,25.08,1.45,2.35,26.70,0.02755,0.0091,-0.0041,-0.0032,0.0015
1952-08-01,25.18,1.45,2.35,26.70,0.027675,-0.0077,0.0115,0.0009,0.0015
1952-09-01,24.78,1.45,2.36,26.70,0.0278,-0.0204,0.0109,-0.0142,0.0016
1952-01-01,24.26,1.44,2.37,26.70,0.027925,-0.0066,-0.0103,-0.0055,0.0014
1952-11-01,25.03,1.42,2.39,26.70,0.02805,0.0596,-0.0072,0.0102,0.001
1952-12-01,26.04,1.41,2.40,26.70,0.028175,0.0293,-0.0151,0.0019,0.0016
1953-01-01,26.18,1.41,2.41,26.60,0.0283,-0.0034,0.0354,0.0128,0.0016
1953-02-01,25.86,1.41,2.42,26.50,0.028008333,-0.0027,0.0222,-0.0005,0.0014
1953-03-01,25.99,1.41,2.43,26.60,0.027716667,-0.0144,-0.0021,-0.0084,0.0018
1953-04-01,24.71,1.41,2.46,26.60,0.0283,-0.0283,0.0026,0.0155,0.0016
1953-05-01,24.84,1.42,2.48,26.70,0.0305,0.0051,-0.0005,0.0025,0.0017
1953-06-01,23.95,1.42,2.51,26.80,0.0311,-0.0189,-0.0189,-0.005,0.0018
1953-07-01,24.29,1.42,2.52,26.80,0.0293,0.024,-0.0104,-0.0025,0.0015
1953-08-01,24.39,1.42,2.54,26.90,0.0295,-0.0456,0.0037,-0.0352,0.0017
1953-09-01,23.27,1.42,2.55,26.90,0.0287,0.0021,-0.0085,-0.0244,0.0016
1953-01-01,23.97,1.43,2.54,27.00,0.0266,0.046,-0.0136,-0.0019,0.0013
1953-11-01,24.50,1.44,2.52,26.90,0.0268,0.0284,-0.013,-0.0015,0.0008
1953-12-01,24.83,1.45,2.51,26.90,0.0259,0.0002,-0.0085,-0.0283,0.0013
1954-01-01,25.46,1.46,2.52,26.90,0.0248,0.0513,0.005,0.0345,0.0011
1954-02-01,26.02,1.46,2.54,26.90,0.0247,0.0167,-0.0018,-0.0027,0.0007
1954-03-01,26.57,1.47,2.55,26.90,0.0237,0.0366,-0.005,-0.0145,0.0008
1954-04-01,27.63,1.46,2.57,26.80,0.0229,0.0427,-0.0347,-0.0037,0.0009
1954-05-01,28.73,1.46,2.60,26.90,0.0237,0.031,0.0039,0.0245,0.0005
1954-06-01,28.96,1.45,2.62,26.90,0.0238,0.0108,0.0038,0.0002,0.0006
1954-07-01,30.13,1.46,2.62,26.90,0.023,0.05,0.0105,0.0414,0.0005
1954-08-01,30.73,1.46,2.63,26.90,0.0236,-0.0235,0.0268,-0.0142,0.0005
1954-09-01,31.45,1.47,2.63,26.80,0.0238,0.064,-0.0256,0.0068,0.0009
1954-01-01,32.18,1.49,2.68,26.80,0.0243,-0.0167,0.0061,0.0064,0.0007
1954-11-01,33.44,1.52,2.72,26.80,0.0248,0.0941,-0.0265,0.0445,0.0006
1954-12-01,34.97,1.54,2.77,26.70,0.0251,0.0549,0.0218,0.0568,0.0008
1955-01-01,35.60,1.55,2.83,26.70,0.0261,0.006,0.0024,0.021,0.0008
1955-02-01,36.79,1.55,2.90,26.70,0.0265,0.0302,0.0155,0.0061,0.0009
1955-03-01,36.50,1.56,2.96,26.70,0.0268,-0.0015,-0.0065,0.0193,0.001
1955-04-01,37.76,1.56,3.05,26.70,0.0275,0.0311,-0.0175,0.0075,0.001
1955-05-01,37.60,1.57,3.13,26.70,0.0276,0.0094,-0.0025,-0.0096,0.0014
1955-06-01,39.78,1.57,3.22,26.70,0.0278,0.0655,-0.0461,0.0185,0.001
1955-07-01,42.69,1.59,3.29,26.80,0.029,0.0189,-0.012,0.0039,0.001
1955-08-01,42.43,1.60,3.37,26.80,0.0297,0.0022,-0.0046,0.0075,0.0016
1955-09-01,44.34,1.62,3.44,26.90,0.0297,-0.0037,0.003,-0.0101,0.0016
1955-01-01,42.11,1.63,3.50,26.90,0.0288,-0.0267,0.0146,-0.0011,0.0018
1955-11-01,44.95,1.63,3.56,26.90,0.0289,0.0704,-0.022,0.0033,0.0017
1955-12-01,45.37,1.64,3.62,26.80,0.0296,0.0149,0.0198,-0.0211,0.0018
1956-01-01,44.15,1.67,3.64,26.80,0.029,-0.0303,0.005,0.0082,0.0022
1956-02-01,44.43,1.70,3.67,26.80,0.0284,0.0378,-0.0097,-0.0046,0.0019
1956-03-01,47.49,1.73,3.69,26.80,0.0296,0.0664,-0.0213,-0.0049,0.0015
1956-04-01,48.05,1.75,3.66,26.90,0.0318,0.0028,-0.0003,-0.0016,0.0019
1956-05-01,46.54,1.78,3.63,27.00,0.0307,-0.0522,0.015,-0.0132,0.0023
1956-06-01,46.27,1.80,3.60,27.20,0.03,0.0347,-0.0153,-0.011,0.002
1956-07-01,48.78,1.81,3.55,27.40,0.0311,0.0484,-0.0169,-0.0007,0.0022
1956-08-01,48.49,1.83,3.51,27.30,0.0333,-0.0319,0.0189,-0.0073,0.0017
1956-09-01,46.84,1.84,3.46,27.40,0.0338,-0.0514,0.016,0.0175,0.0018
1956-01-01,46.24,1.81,3.44,27.50,0.0334,0.0052,-0.0012,-0.0007,0.0025
1956-11-01,45.76,1.77,3.43,27.50,0.0349,0.0035,-0.0021,0.0176,0.002
1956-12-01,46.44,1.74,3.41,27.60,0.0359,0.0316,-0.0002,-0.0215,0.0024
1957-01-01,45.43,1.74,3.41,27.60,0.0346,-0.0357,0.0338,0.0283,0.0027
1957-02-01,43.47,1.73,3.40,27.70,0.0334,-0.0207,-0.0075,-0.0066,0.0024
1957-03-01,44.03,1.73,3.40,27.80,0.0341,0.0213,0.0033,-0.0053,0.0023
1957-04-01,45.05,1.73,3.41,27.90,0.0348,0.0426,-0.0157,-0.0147,0.0025
1957-05-01,46.78,1.73,3.41,28.00,0.036,0.0346,-0.0108,-0.0201,0.0026
1957-06-01,47.55,1.73,3.42,28.10,0.038,-0.0075,0.0059,-0.0003,0.0024
1957-07-01,48.51,1.74,3.44,28.30,0.0393,0.0066,-0.008,0.0048,0.003
1957-08-01,45.84,1.75,3.45,28.30,0.0393,-0.0512,0.0006,-0.0045,0.0025
1957-09-01,43.98,1.76,3.47,28.30,0.0392,-0.0599,0.0006,0.0095,0.0026
1957-01-01,41.24,1.77,3.44,28.30,0.0397,-0.0432,-0.0246,-0.0188,0.0029
1957-11-01,40.35,1.78,3.40,28.40,0.0372,0.0231,0.004,-0.0291,0.0028
1957-12-01,40.33,1.79,3.37,28.40,0.0321,-0.039,-0.0091,-0.0176,0.0024
1958-01-01,41.12,1.78,3.29,28.60,0.0309,0.0465,0.0429,0.0434,0.0028
1958-02-01,41.26,1.78,3.22,28.60,0.0305,-0.0153,0.0075,0.0023,0.0012
1958-03-01,42.11,1.77,3.14,28.80,0.0298,0.0327,0.0069,-0.0103,0.0009
1958-04-01,42.34,1.76,3.07,28.90,0.0288,0.0309,-0.0069,0.0164,0.0008
1958-05-01,43.70,1.74,3.00,28.90,0.0292,0.0232,0.0216,-0.002,0.0011
1958-06-01,44.75,1.73,2.93,28.90,0.0297,0.0293,-0.0014,0.0031,0.0003
1958-07-01,45.98,1.73,2.91,29.00,0.032,0.0439,0.0047,0.0307,0.0007
1958-08-01,47.70,1.73,2.90,28.90,0.0354,0.019,0.0115,0.0033,0.0004
1958-09-01,48.96,1.73,2.88,28.90,0.0376,0.0466,0.0008,0.028,0.0019
1958-01-01,50.95,1.74,2.88,28.90,0.038,0.0253,0.0105,-0.0113,0.0018
1958-11-01,52.50,1.74,2.89,29.00,0.0374,0.0301,0.0205,-0.0117,0.0011
1958-12-01,53.49,1.75,2.89,28.90,0.0386,0.0516,-0.0202,0.0006,0.0022
1959-01-01,55.62,1.76,2.96,29.00,0.0402,0.0071,0.0302,0.0292,0.0021
1959-02-01,54.77,1.76,3.04,28.90,0.0396,0.0095,0.0148,0.0115,0.0019
1959-03-01,56.16,1.77,3.11,28.90,0.0399,0.0028,0.0145,-0.0034,0.0022
1959-04-01,57.10,1.78,3.21,29.00,0.0412,0.0366,-0.0068,-0.0124,0.002
1959-05-01,57.96,1.78,3.30,29.00,0.0431,0.0173,-0.021,0.018,0.0022
1959-06-01,57.46,1.79,3.40,29.10,0.0434,-0.0024,0.0067,0.0132,0.0024
1959-07-01,59.74,1.80,3.41,29.20,0.044,0.0318,-0.0035,0.0027,0.0025
1959-08-01,59.40,1.80,3.42,29.20,0.0443,-0.0138,-0.0078,0.0044,0.0019
1959-09-01,57.05,1.81,3.43,29.30,0.0468,-0.0481,-0.0015,0.0053,0.0031
1959-01-01,57.00,1.82,3.42,29.40,0.0453,0.0128,0.0152,-0.021,0.003
1959-11-01,57.23,1.82,3.40,29.40,0.0453,0.016,0.0126,-0.0322,0.0026
1959-12-01,59.06,1.83,3.39,29.40,0.0469,0.0246,-0.0063,-0.0001,0.0034
1960-01-01,58.03,1.87,3.39,29.30,0.0472,-0.0698,0.0212,0.0265,0.0033
1960-02-01,55.78,1.90,3.39,29.40,0.0449,0.0116,0.006,-0.0197,0.0029
1960-03-01,55.02,1.94,3.39,29.40,0.0425,-0.0163,-0.0055,-0.0275,0.0035
1960-04-01,55.73,1.94,3.35,29.50,0.0428,-0.0171,0.0022,-0.0214,0.0019
1960-05-01,55.22,1.95,3.30,29.50,0.0435,0.0312,0.0129,-0.0373,0.0027
1960-06-01,57.26,1.95,3.26,29.60,0.0415,0.0208,-0.0028,-0.0027,0.0024
1960-07-01,55.84,1.95,3.26,29.60,0.039,-0.0237,-0.0052,0.021,0.0013
1960-08-01,56.51,1.95,3.27,29.60,0.038,0.03,0.0069,-0.0018,0.0017
1960-09-01,54.81,1.95,3.27,29.60,0.038,-0.06,-0.0112,0.0168,0.0016
1960-01-01,53.73,1.95,3.27,29.80,0.0389,-0.0071,-0.0409,0.0283,0.0022
1960-11-01,55.47,1.95,3.27,29.80,0.0393,0.0469,0.0038,-0.0239,0.0013
1960-12-01,56.80,1.95,3.27,29.80,0.0384,0.0473,-0.0158,-0.0077,0.0016
1961-01-01,59.72,1.95,3.21,29.80,0.0384,0.062,0.006,0.0365,0.0019
1961-02-01,62.17,1.94,3.15,29.80,0.0378,0.0357,0.0389,-0.0058,0.0014
1961-03-01,64.12,1.94,3.09,29.80,0.0374,0.0289,0.0322,-0.0082,0.002
1961-04-01,65.83,1.94,3.07,29.80,0.0378,0.0029,0.0007,0.0213,0.0017
1961-05-01,66.50,1.94,3.05,29.80,0.0371,0.024,0.0197,0.0038,0.0018
1961-06-01,65.62,1.94,3.03,29.80,0.0388,-0.0308,-0.0249,-0.0009,0.002
1961-07-01,65.44,1.95,3.04,30.00,0.0392,0.0283,-0.0194,-0.0008,0.0018
1961-08-01,67.79,1.95,3.04,29.90,0.0404,0.0257,-0.0171,-0.003,0.0014
1961-09-01,67.26,1.96,3.05,30.00,0.0398,-0.0215,-0.0107,-0.0061,0.0017
1961-01-01,68.00,1.98,3.10,30.00,0.0392,0.0258,-0.0161,0.0018,0.0019
1961-11-01,71.08,2.00,3.14,30.00,0.0394,0.0445,0.0126,-0.0122,0.0015
1961-12-01,71.74,2.02,3.19,30.00,0.0406,-0.0017,-0.0087,0.0176,0.0019
1962-01-01,69.07,2.03,3.25,30.00,0.0408,-0.0387,0.0174,0.0511,0.0024
1962-02-01,70.22,2.03,3.31,30.10,0.0404,0.0181,-0.0115,0.0082,0.002
1962-03-01,70.29,2.04,3.37,30.10,0.0393,-0.0068,0.0066,-0.0158,0.002
1962-04-01,68.05,2.05,3.40,30.20,0.0384,-0.0659,-0.0085,0.0014,0.0022
1962-05-01,62.99,2.05,3.44,30.20,0.0387,-0.0866,-0.0314,0.0273,0.0024
1962-06-01,55.63,2.06,3.47,30.20,0.0391,-0.085,-0.0046,0.0242,0.002
1962-07-01,56.97,2.07,3.49,30.30,0.0401,0.0627,0.0152,-0.0337,0.0027
1962-08-01,58.52,2.07,3.51,30.30,0.0398,0.0213,0.0122,-0.0112,0.0023
1962-09-01,58.00,2.08,3.53,30.40,0.0398,-0.0522,-0.024,0.0133,0.0021
1962-01-01,56.17,2.10,3.58,30.40,0.0393,-0.0005,-0.0395,0.013,0.0026
1962-11-01,60.04,2.11,3.62,30.40,0.0392,0.1089,0.025,0.0085,0.002
1962-12-01,62.64,2.13,3.67,30.40,0.0386,0.0101,-0.0376,0.0032,0.0023
1963-01-01,65.06,2.14,3.68,30.40,0.0383,0.0494,0.0301,0.0224,0.0025
1963-02-01,65.92,2.14,3.70,30.40,0.0392,-0.024,0.0046,0.0215,0.0023
1963-03-01,65.67,2.15,3.71,30.50,0.0393,0.0308,-0.0258,0.021,0.0023
1963-04-01,68.76,2.17,3.75,30.50,0.0397,0.0451,-0.0126,0.01,0.0025
1963-05-01,70.14,2.18,3.80,30.50,0.0393,0.0176,0.0108,0.0255,0.0024
1963-06-01,70.11,2.20,3.84,30.60,0.0399,-0.02,-0.0032,0.0065,0.0023
1963-07-01,69.07,2.20,3.88,30.70,0.0402,-0.0039,-0.0057,-0.0081,0.0027
1963-08-01,70.98,2.21,3.92,30.70,0.04,0.0508,-0.0095,0.017,0.0025
1963-09-01,72.85,2.21,3.96,30.70,0.0408,-0.0157,-0.0025,0,0.0027
1963-01-01,73.03,2.23,3.98,30.80,0.0411,0.0254,-0.0057,-0.0004,0.0029
1963-11-01,72.62,2.26,4.00,30.80,0.0412,-0.0086,-0.0116,0.0173,0.0027
1963-12-01,74.17,2.28,4.02,30.90,0.0413,0.0183,-0.0196,-0.0021,0.0029
1964-01-01,76.45,2.30,4.07,30.90,0.0417,0.0224,-0.0024,0.0163,0.003
1964-02-01,77.39,2.31,4.13,30.90,0.0415,0.0155,0.0012,0.0281,0.0026
1964-03-01,78.80,2.33,4.18,30.90,0.0422,0.0141,0.0095,0.0329,0.0031
1964-04-01,79.94,2.35,4.23,30.90,0.0423,0.001,-0.0135,-0.0054,0.0029
1964-05-01,80.72,2.36,4.28,30.90,0.042,0.0141,-0.0084,0.0181,0.0026
1964-06-01,80.24,2.38,4.33,31.00,0.0417,0.0127,-0.0023,0.0068,0.003
1964-07-01,83.22,2.40,4.38,31.10,0.0419,0.0174,0.0019,0.0079,0.003
1964-08-01,82.00,2.42,4.42,31.00,0.0419,-0.0144,0.0001,0.0007,0.0028
1964-09-01,83.41,2.44,4.47,31.10,0.042,0.0269,-0.0063,0.0172,0.0028
1964-01-01,84.85,2.46,4.50,31.10,0.0419,0.006,0.0048,0.0108,0.0029
1964-11-01,85.44,2.48,4.52,31.20,0.0415,-0.0001,0.0062,-0.0204,0.0029
1964-12-01,83.96,2.50,4.55,31.20,0.0418,0.0004,-0.0024,-0.0243,0.0031
1965-01-01,86.12,2.52,4.59,31.20,0.0419,0.0354,0.0257,0.0036,0.0028
1965-02-01,86.75,2.53,4.64,31.20,0.0421,0.0044,0.0331,0.0022,0.003
1965-03-01,86.83,2.55,4.68,31.30,0.0421,-0.0134,0.0179,0.0115,0.0036
1965-04-01,87.97,2.57,4.73,31.40,0.042,0.0311,0.0114,0.0073,0.0031
1965-05-01,89.28,2.59,4.79,31.40,0.0421,-0.0078,0.0002,-0.0155,0.0031
1965-06-01,85.04,2.61,4.84,31.60,0.0421,-0.0551,-0.0407,0.0023,0.0035
1965-07-01,84.91,2.63,4.89,31.60,0.042,0.0144,0.0086,0.0219,0.0031
1965-08-01,86.49,2.64,4.93,31.60,0.0425,0.0273,0.0285,-0.0098,0.0033
1965-09-01,89.38,2.66,4.98,31.60,0.0429,0.0286,0.0063,-0.0014,0.0031
1965-01-01,91.39,2.68,5.05,31.70,0.0435,0.026,0.0252,0.0155,0.0031
1965-11-01,92.15,2.70,5.12,31.70,0.0445,-0.0003,0.0469,0.0016,0.0035
1965-12-01,91.73,2.72,5.19,31.80,0.0462,0.0101,0.0207,0.0215,0.0033
1966-01-01,93.32,2.74,5.24,31.80,0.0461,0.0072,0.0402,0.0327,0.0038
1966-02-01,92.69,2.76,5.29,32.00,0.0483,-0.0121,0.0444,0.0038,0.0035
1966-03-01,88.88,2.78,5.34,32.10,0.0487,-0.0251,0.0086,-0.0213,0.0038
1966-04-01,91.60,2.80,5.38,32.30,0.0475,0.0213,0.0344,-0.0036,0.0034
1966-05-01,86.78,2.81,5.42,32.30,0.0478,-0.0567,-0.046,-0.016,0.0041
1966-06-01,86.06,2.83,5.46,32.40,0.0481,-0.0144,0.0102,0.0049,0.0038
1966-07-01,85.84,2.85,5.48,32.50,0.0502,-0.0163,-0.0035,0.0091,0.0035
1966-08-01,80.65,2.87,5.49,32.70,0.0522,-0.0794,-0.0326,0.005,0.0041
1966-09-01,77.81,2.89,5.51,32.70,0.0518,-0.0106,-0.0101,0.0048,0.004
1966-01-01,77.13,2.88,5.52,32.90,0.0501,0.0386,-0.066,0.0274,0.0045
1966-11-01,80.99,2.88,5.54,32.90,0.0516,0.0138,0.0407,-0.0463,0.004
1966-12-01,81.33,2.87,5.55,32.90,0.0484,0.0013,0.0193,-0.0095,0.004
1967-01-01,84.45,2.88,5.52,32.90,0.0458,0.0815,0.081,0.0236,0.0043
1967-02-01,87.36,2.89,5.48,32.90,0.0463,0.0077,0.0332,-0.0226,0.0036
1967-03-01,89.42,2.90,5.45,33.00,0.0454,0.0399,0.0147,0.0047,0.0039
1967-04-01,90.96,2.90,5.41,33.10,0.0459,0.0389,0.0047,-0.0229,0.0032
1967-05-01,92.59,2.90,5.37,33.20,0.0485,-0.0432,0.0211,0.008,0.0033
1967-06-01,91.43,2.90,5.33,33.30,0.0502,0.0242,0.0585,0.008,0.0027
1967-07-01,93.01,2.91,5.32,33.40,0.0516,0.0458,0.0317,0.0275,0.0032
1967-08-01,94.49,2.91,5.31,33.50,0.0528,-0.009,0.0043,0.0143,0.0031
1967-09-01,95.81,2.92,5.30,33.60,0.053,0.031,0.0304,-0.0247,0.0032
1967-01-01,95.66,2.92,5.31,33.70,0.0548,-0.0308,0.0147,-0.0329,0.0039
1967-11-01,92.66,2.92,5.32,33.80,0.0575,0.0037,0.0018,-0.0171,0.0036
1967-12-01,95.30,2.92,5.33,33.90,0.057,0.0305,0.0562,-0.0054,0.0033
1968-01-01,95.04,2.93,5.37,34.10,0.0553,-0.0403,0.0399,0.0485,0.004
1968-02-01,90.75,2.94,5.40,34.20,0.0556,-0.0374,-0.0294,0.0123,0.0039
1968-03-01,89.09,2.95,5.44,34.30,0.0574,0.0021,-0.013,-0.0063,0.0038
1968-04-01,95.67,2.96,5.48,34.40,0.0564,0.0902,0.0566,-0.011,0.0043
1968-05-01,97.87,2.98,5.53,34.50,0.0587,0.0228,0.0629,0.0082,0.0045
1968-06-01,100.50,2.99,5.57,34.70,0.0572,0.007,-0.0019,0.0066,0.0043
1968-07-01,100.30,3.00,5.60,34.90,0.055,-0.0269,-0.0128,0.0531,0.0048
1968-08-01,98.11,3.02,5.63,35.00,0.0542,0.0135,0.0242,0.0099,0.0042
1968-09-01,101.30,3.03,5.66,35.10,0.0546,0.0405,0.0274,0.003,0.0043
1968-01-01,103.80,3.04,5.69,35.30,0.0558,0.0043,-0.005,0.0282,0.0044
1968-11-01,105.40,3.06,5.73,35.40,0.057,0.0543,0.0234,-0.0096,0.0042
1968-12-01,106.50,3.07,5.76,35.50,0.0603,-0.0393,0.0336,0.0004,0.0043
1969-01-01,102.00,3.08,5.78,35.60,0.0604,-0.0125,-0.0063,0.0166,0.0053
1969-02-01,101.50,3.09,5.80,35.80,0.0619,-0.0586,-0.0396,0.0089,0.0046
1969-03-01,99.30,3.10,5.82,36.10,0.063,0.0266,-0.003,-0.0042,0.0046
1969-04-01,101.30,3.11,5.83,36.30,0.0617,0.0146,-0.0081,0.0002,0.0053
1969-05-01,104.60,3.12,5.83,36.40,0.0632,-0.0009,-0.0032,0.0062,0.0048
1969-06-01,99.14,3.13,5.84,36.60,0.0657,-0.0719,-0.0534,-0.011,0.0051
1969-07-01,94.71,3.14,5.86,36.80,0.0672,-0.07,-0.0324,0.0118,0.0053
1969-08-01,94.18,3.14,5.87,37.00,0.0669,0.0469,0.0081,-0.0375,0.005
1969-09-01,94.51,3.15,5.89,37.10,0.0716,-0.0297,0.0123,-0.0322,0.0062
1969-01-01,95.52,3.15,5.85,37.30,0.071,0.0506,0.0392,-0.0312,0.006
1969-11-01,96.21,3.16,5.82,37.50,0.0714,-0.038,-0.0255,-0.0125,0.0052
1969-12-01,91.11,3.16,5.78,37.70,0.0765,-0.0263,-0.0368,-0.0288,0.0064
1970-01-01,90.31,3.16,5.73,37.80,0.0779,-0.081,0.0291,0.0317,0.006
1970-02-01,87.16,3.17,5.68,38.00,0.0724,0.0514,-0.0239,0.0369,0.0062
1970-03-01,88.65,3.17,5.63,38.20,0.0707,-0.0106,-0.0231,0.0408,0.0057
1970-04-01,85.95,3.17,5.59,38.50,0.0739,-0.1099,-0.0614,0.0614,0.005
1970-05-01,76.06,3.18,5.56,38.60,0.0791,-0.069,-0.0461,0.0332,0.0053
1970-06-01,75.59,3.18,5.52,38.80,0.0784,-0.058,-0.0208,0.0044,0.0058
1970-07-01,75.72,3.18,5.47,39.00,0.0746,0.0692,-0.0055,0.0093,0.0052
1970-08-01,77.92,3.19,5.41,39.00,0.0753,0.045,0.0148,0.0141,0.0053
1970-09-01,82.58,3.19,5.36,39.20,0.0739,0.0418,0.0861,-0.0541,0.0054
1970-01-01,84.37,3.17,5.28,39.40,0.0733,-0.0227,-0.0417,0.0021,0.0046
1970-11-01,84.28,3.16,5.21,39.60,0.0684,0.0462,-0.0397,0.0158,0.0046
1970-12-01,90.05,3.14,5.13,39.80,0.0639,0.0574,0.0282,0.0104,0.0042
1971-01-01,93.49,3.13,5.16,39.80,0.0624,0.0483,0.0728,0.0155,0.0038
1971-02-01,97.11,3.12,5.19,39.90,0.0611,0.0141,0.0186,-0.0124,0.0033
1971-03-01,99.60,3.11,5.22,40.00,0.057,0.0412,0.026,-0.0395,0.003
1971-04-01,103.00,3.11,5.25,40.10,0.0583,0.0315,-0.0049,0.0086,0.0028
1971-05-01,101.60,3.10,5.29,40.30,0.0639,-0.0399,-0.0104,-0.0133,0.0029
1971-06-01,99.72,3.10,5.32,40.60,0.0652,-0.0009,-0.0153,-0.0197,0.0037
1971-07-01,99.00,3.10,5.36,40.70,0.0673,-0.0449,-0.0151,-0.0002,0.004
1971-08-01,97.24,3.09,5.39,40.80,0.0658,0.0379,-0.0022,0.0264,0.0047
1971-09-01,99.40,3.09,5.43,40.80,0.0614,-0.0086,0.005,-0.029,0.0037
1971-01-01,97.29,3.08,5.52,40.90,0.0593,-0.0442,-0.0175,-0.0051,0.0037
1971-11-01,92.78,3.08,5.61,40.90,0.0581,-0.0046,-0.0277,-0.0167,0.0037
1971-12-01,99.17,3.07,5.70,41.10,0.0593,0.0871,0.0329,-0.0038,0.0037
1972-01-01,103.30,3.07,5.74,41.10,0.0595,0.0247,0.0584,0.0212,0.0029
1972-02-01,105.20,3.07,5.77,41.30,0.0608,0.0287,0.0132,-0.0283,0.0025
1972-03-01,107.70,3.07,5.81,41.40,0.0607,0.0062,-0.0029,-0.0161,0.0027
1972-04-01,108.80,3.07,5.86,41.50,0.0619,0.0029,0.0016,0.0003,0.0029
1972-05-01,107.70,3.07,5.92,41.60,0.0613,0.0129,-0.0271,-0.0272,0.003
1972-06-01,108.00,3.07,5.97,41.70,0.0611,-0.0243,0.0028,-0.0246,0.0029
1972-07-01,107.20,3.07,6.03,41.90,0.0611,-0.008,-0.029,0.006,0.0031
1972-08-01,111.00,3.08,6.08,42.00,0.0621,0.0327,-0.0399,0.0456,0.0029
1972-09-01,109.40,3.08,6.14,42.10,0.0655,-0.0114,-0.0266,0.0049,0.0034
1972-01-01,109.60,3.10,6.23,42.30,0.0648,0.0052,-0.0273,0.0122,0.004
1972-11-01,115.10,3.13,6.33,42.40,0.0628,0.046,-0.0118,0.0488,0.0037
1972-12-01,117.50,3.15,6.42,42.50,0.0636,0.0062,-0.0195,-0.0218,0.0037
1973-01-01,118.40,3.16,6.55,42.60,0.0646,-0.0327,-0.0349,0.027,0.0044
1973-02-01,114.20,3.16,6.67,42.90,0.0664,-0.0485,-0.0389,0.0164,0.0042
1973-03-01,112.40,3.17,6.80,43.30,0.0671,-0.013,-0.0278,0.0257,0.0046
1973-04-01,110.30,3.19,6.94,43.60,0.0667,-0.0568,-0.0384,0.0539,0.0052
1973-05-01,107.20,3.20,7.09,43.90,0.0685,-0.0297,-0.0627,0.0038,0.0051
1973-06-01,104.80,3.22,7.23,44.20,0.069,-0.0157,-0.0284,0.0114,0.0051
1973-07-01,105.80,3.24,7.38,44.30,0.0713,0.0504,0.0792,-0.0526,0.0064
1973-08-01,103.80,3.25,7.54,45.10,0.074,-0.0382,-0.02,0.0103,0.007
1973-09-01,105.60,3.27,7.69,45.20,0.0709,0.0474,0.0293,0.0222,0.0068
1973-01-01,109.80,3.31,7.85,45.60,0.0679,-0.0083,-0.0021,0.0166,0.0065
1973-11-01,102.00,3.34,8.00,45.90,0.0673,-0.1278,-0.0772,0.0409,0.0056
1973-12-01,94.78,3.38,8.16,46.20,0.0674,0.0059,-0.054,0.0401,0.0064
1974-01-01,96.11,3.40,8.23,46.60,0.0699,-0.0016,0.0968,0.0595,0.0063
1974-02-01,93.45,3.42,8.29,47.20,0.0696,-0.0046,0,0.0247,0.0058
1974-03-01,97.44,3.44,8.36,47.80,0.0721,-0.0282,0.025,-0.0014,0.0056
1974-04-01,92.46,3.46,8.49,48.00,0.0751,-0.0528,-0.0068,0.0092,0.0075
1974-05-01,89.67,3.48,8.61,48.60,0.0758,-0.047,-0.0293,-0.0208,0.0075
1974-06-01,89.79,3.50,8.74,49.00,0.0754,-0.0284,-0.0024,0.0083,0.006
1974-07-01,79.31,3.53,8.86,49.40,0.0781,-0.0806,0.0078,0.0516,0.007
1974-08-01,76.03,3.56,8.99,50.00,0.0804,-0.0939,-0.0069,0.0261,0.006
1974-09-01,68.12,3.59,9.11,50.60,0.0804,-0.1179,0.0027,0.0543,0.0081
1974-01-01,69.44,3.59,9.04,51.10,0.079,0.1611,-0.0343,-0.0991,0.0051
1974-11-01,71.74,3.60,8.96,51.50,0.0768,-0.0453,-0.0117,-0.0025,0.0054
1974-12-01,67.07,3.60,8.89,51.90,0.0743,-0.0344,-0.0474,0.0012,0.007
1975-01-01,72.56,3.62,8.74,52.10,0.075,0.1367,0.1106,0.0826,0.0058
1975-02-01,80.10,3.65,8.60,52.50,0.0739,0.0556,0.0012,-0.0447,0.0043
1975-03-01,83.78,3.67,8.45,52.70,0.0773,0.0266,0.0375,0.0242,0.0041
1975-04-01,84.72,3.68,8.29,52.90,0.0823,0.0422,-0.0064,-0.0113,0.0044
1975-05-01,90.10,3.70,8.12,53.20,0.0806,0.052,0.0393,-0.0405,0.0044
1975-06-01,92.40,3.71,7.96,53.60,0.0786,0.0487,0.0081,0.0135,0.0041
1975-07-01,92.49,3.71,7.89,54.20,0.0806,-0.066,0.0266,0.0176,0.0048
1975-08-01,85.71,3.71,7.83,54.30,0.084,-0.0284,-0.0317,-0.0091,0.0048
1975-09-01,84.67,3.71,7.76,54.60,0.0843,-0.0426,-0.0016,0.0033,0.0053
1975-01-01,88.57,3.70,7.83,54.90,0.0814,0.0532,-0.0408,0.0035,0.0056
1975-11-01,90.07,3.69,7.89,55.30,0.0805,0.0265,-0.0122,0.0203,0.0041
1975-12-01,88.70,3.68,7.96,55.50,0.08,-0.016,-0.0087,0.017,0.0048
1976-01-01,96.86,3.68,8.19,55.60,0.0774,0.1215,0.0487,0.0863,0.0047
1976-02-01,100.60,3.69,8.43,55.80,0.0779,0.0031,0.0697,0.0571,0.0034
1976-03-01,101.10,3.69,8.66,55.90,0.0773,0.0232,-0.0117,-0.0011,0.004
1976-04-01,101.90,3.71,8.86,56.10,0.0756,-0.0149,-0.0008,-0.0016,0.0042
1976-05-01,101.20,3.74,9.05,56.50,0.079,-0.0134,-0.0119,-0.0129,0.0037
1976-06-01,101.80,3.76,9.25,56.80,0.0786,0.0406,-0.0132,0.0073,0.0043
1976-07-01,104.20,3.79,9.35,57.10,0.0783,-0.0106,0.0028,0.0174,0.0047
1976-08-01,103.30,3.82,9.45,57.40,0.0777,-0.0057,-0.0205,0.0079,0.0042
1976-09-01,105.50,3.85,9.55,57.60,0.0759,0.0206,0.0008,-0.0031,0.0044
1976-01-01,101.90,3.92,9.67,57.90,0.0741,-0.0242,0.0014,-0.0017,0.0041
1976-11-01,101.20,3.98,9.79,58.00,0.0729,0.0036,0.0234,0.0153,0.004
1976-12-01,104.70,4.05,9.91,58.20,0.0687,0.0565,0.0303,0.0223,0.004
1977-01-01,103.80,4.10,9.97,58.50,0.0721,-0.0403,0.0475,0.0432,0.0036
1977-02-01,101.00,4.14,10.02,59.10,0.0739,-0.0194,0.0103,0.0045,0.0035
1977-03-01,100.60,4.19,10.08,59.50,0.0746,-0.0135,0.0099,0.0109,0.0038
1977-04-01,99.05,4.25,10.19,60.00,0.0737,0.0015,-0.0013,0.0338,0.0038
1977-05-01,98.76,4.30,10.31,60.30,0.0746,-0.0147,0.0125,0.0081,0.0037
1977-06-01,99.29,4.36,10.42,60.70,0.0728,0.0472,0.0207,-0.0062,0.004
1977-07-01,100.20,4.41,10.52,61.00,0.0733,-0.0169,0.0209,-0.006,0.0042
1977-08-01,97.75,4.45,10.61,61.20,0.074,-0.0176,0.0155,-0.0277,0.0044
1977-09-01,96.23,4.50,10.71,61.40,0.0734,-0.0027,0.015,-0.0026,0.0043
1977-01-01,93.74,4.56,10.77,61.60,0.0752,-0.0439,0.0119,0.0162,0.0049
1977-11-01,94.28,4.61,10.83,61.90,0.0758,0.04,0.0368,0.0023,0.005
1977-12-01,93.82,4.67,10.89,62.10,0.0769,0.0027,0.0136,-0.0029,0.0049
1978-01-01,90.25,4.71,10.90,62.50,0.0796,-0.06,0.0228,0.0338,0.0049
1978-02-01,88.98,4.76,10.91,62.90,0.0803,-0.0139,0.0359,0.0081,0.0046
1978-03-01,88.82,4.80,10.92,63.40,0.0804,0.0285,0.0344,0.0115,0.0053
1978-04-01,92.71,4.84,11.02,63.90,0.0815,0.0787,0.0036,-0.0354,0.0054
1978-05-01,97.41,4.87,11.13,64.50,0.0835,0.0176,0.0453,-0.0055,0.0051
1978-06-01,97.66,4.91,11.23,65.20,0.0846,-0.0169,0.0174,0.006,0.0054
1978-07-01,97.19,4.95,11.34,65.70,0.0864,0.0512,0.0029,-0.01,0.0056
1978-08-01,103.90,4.98,11.46,66.00,0.0841,0.0378,0.0506,-0.0066,0.0056
1978-09-01,103.90,5.02,11.57,66.50,0.0842,-0.0144,-0.0049,0.0188,0.0062
1978-01-01,100.60,5.04,11.82,67.10,0.0864,-0.119,-0.0989,0.0126,0.0068
1978-11-01,94.71,5.05,12.08,67.40,0.0881,0.0271,0.0306,-0.0208,0.007
1978-12-01,96.11,5.07,12.33,67.70,0.0901,0.0087,0.0119,-0.0214,0.0078
1979-01-01,99.71,5.11,12.65,68.30,0.091,0.0422,0.0355,0.0219,0.0077
1979-02-01,98.23,5.16,12.98,69.10,0.091,-0.0356,0.0044,0.0117,0.0073
1979-03-01,100.10,5.20,13.30,69.80,0.0912,0.0567,0.032,-0.0068,0.0081
1979-04-01,102.10,5.25,13.53,70.60,0.0918,-0.0007,0.0217,0.0112,0.008
1979-05-01,99.73,5.29,13.75,71.50,0.0925,-0.022,0.0021,0.0132,0.0082
1979-06-01,101.70,5.34,13.98,72.30,0.0891,0.0384,0.0113,0.0142,0.0081
1979-07-01,102.70,5.40,14.20,73.10,0.0895,0.0083,0.0128,0.0179,0.0077
1979-08-01,107.40,5.45,14.41,73.80,0.0903,0.0554,0.0198,-0.0158,0.0077
1979-09-01,108.60,5.51,14.63,74.60,0.0933,-0.0083,-0.0026,-0.0094,0.0083
1979-01-01,104.50,5.56,14.71,75.20,0.103,-0.081,-0.0338,-0.0183,0.0087
1979-11-01,103.70,5.60,14.78,75.90,0.1065,0.0522,0.0281,-0.0321,0.0099
1979-12-01,107.80,5.65,14.86,76.70,0.1039,0.0178,0.0413,-0.0213,0.0095
1980-01-01,110.90,5.70,15.00,77.80,0.108,0.055,0.0162,0.0185,0.008
1980-02-01,115.30,5.75,15.15,78.90,0.1241,-0.0123,-0.0186,0.0059,0.0089
1980-03-01,104.70,5.80,15.29,80.10,0.1275,-0.129,-0.067,-0.0096,0.0121
1980-04-01,103.00,5.85,15.17,81.00,0.1147,0.0395,0.0105,0.0103,0.0126
1980-05-01,107.70,5.89,15.06,81.80,0.1018,0.0526,0.0205,0.0038,0.0081
1980-06-01,114.60,5.94,14.94,82.70,0.0978,0.0298,0.0166,-0.008,0.0061
1980-07-01,119.80,5.98,14.84,82.70,0.1025,0.0651,0.041,-0.0629,0.0053
1980-08-01,123.50,6.03,14.74,83.30,0.111,0.0175,0.039,-0.0246,0.0064
1980-09-01,126.50,6.07,14.64,84.00,0.1151,0.0219,0.0096,-0.0461,0.0075
1980-01-01,130.20,6.10,14.70,84.80,0.1175,0.0104,0.0239,-0.0293,0.0095
1980-11-01,135.70,6.13,14.76,85.50,0.1268,0.096,-0.0327,-0.0811,0.0096
1980-12-01,133.50,6.16,14.82,86.30,0.1284,-0.0446,-0.0028,0.028,0.0131
1981-01-01,133.00,6.20,14.74,87.00,0.1257,-0.0506,0.0291,0.0674,0.0104
1981-02-01,128.40,6.24,14.66,87.90,0.1319,0.0061,-0.0047,0.0097,0.0107
1981-03-01,133.20,6.28,14.58,88.50,0.1312,0.0367,0.0334,0.0061,0.0121
1981-04-01,134.40,6.32,14.72,89.10,0.1368,-0.0216,0.045,0.0228,0.0108
1981-05-01,131.70,6.35,14.87,89.80,0.141,0.0013,0.0194,-0.0043,0.0115
1981-06-01,132.30,6.39,15.01,90.60,0.1347,-0.0234,-0.0083,0.0514,0.0135
1981-07-01,129.10,6.43,15.10,91.60,0.1428,-0.0155,-0.0207,-0.0061,0.0124
1981-08-01,129.60,6.48,15.18,92.30,0.1494,-0.0702,-0.0195,0.0471,0.0128
1981-09-01,118.30,6.52,15.27,93.20,0.1532,-0.0719,-0.0268,0.0511,0.0124
1981-01-01,119.80,6.56,15.30,93.40,0.1515,0.0492,0.0213,-0.0409,0.0121
1981-11-01,122.90,6.59,15.33,93.70,0.1339,0.034,-0.0109,0.0191,0.0107
1981-12-01,123.80,6.63,15.36,94.00,0.1372,-0.0363,0.0118,0.0079,0.0087
1982-01-01,117.30,6.66,15.18,94.30,0.1459,-0.0323,-0.0125,0.0319,0.008
1982-02-01,114.50,6.69,14.99,94.60,0.1443,-0.0586,0.0046,0.0609,0.0092
1982-03-01,110.80,6.72,14.81,94.50,0.1386,-0.0182,-0.0019,0.0376,0.0098
1982-04-01,116.30,6.75,14.60,94.90,0.1387,0.0324,0.0164,-0.0308,0.0113
1982-05-01,116.40,6.78,14.38,95.80,0.1362,-0.0393,0.0017,0.0178,0.0106
1982-06-01,109.70,6.81,14.17,97.00,0.143,-0.0308,-0.0043,0.0156,0.0096
1982-07-01,109.40,6.82,13.97,97.50,0.1395,-0.032,0.0091,0.0007,0.0105
1982-08-01,109.70,6.84,13.76,97.70,0.1306,0.1123,-0.0428,0.0109,0.0076
1982-09-01,122.40,6.85,13.56,97.90,0.1234,0.0131,0.0287,0.0023,0.0051
1982-01-01,132.70,6.86,13.25,98.20,0.1091,0.113,0.0238,-0.0362,0.0059
1982-11-01,138.10,6.86,12.95,98.00,0.1055,0.0468,0.0463,-0.018,0.0063
1982-12-01,139.40,6.87,12.64,97.60,0.1054,0.0056,-0.0031,-0.0006,0.0067
1983-01-01,144.30,6.88,12.57,97.80,0.1046,0.0359,0.0282,-0.0072,0.0069
1983-02-01,146.80,6.90,12.49,97.90,0.1072,0.0259,0.0318,0.0066,0.0062
1983-03-01,151.90,6.91,12.42,97.90,0.1051,0.0281,0.0175,0.0206,0.0063
1983-04-01,157.70,6.92,12.48,98.60,0.104,0.0666,0.0046,0.0043,0.0071
1983-05-01,164.10,6.93,12.53,99.20,0.1038,0.0051,0.062,-0.014,0.0069
1983-06-01,166.40,6.94,12.59,99.50,0.1085,0.0307,0.0093,-0.0389,0.0067
1983-07-01,167.00,6.96,12.83,99.90,0.1138,-0.0406,0.015,0.0554,0.0074
1983-08-01,162.40,6.98,13.06,100.20,0.1185,-0.005,-0.0429,0.0559,0.0076
1983-09-01,167.20,7.00,13.30,100.70,0.1165,0.0092,0.0061,0.0099,0.0076
1983-01-01,167.70,7.03,13.54,101.00,0.1154,-0.0343,-0.0355,0.0496,0.0076
1983-11-01,165.20,7.06,13.79,101.20,0.1169,0.0217,0.0202,-0.0073,0.007
1983-12-01,164.40,7.09,14.03,101.30,0.1183,-0.0177,-0.0025,0.0175,0.0073
1984-01-01,166.40,7.12,14.44,101.90,0.1167,-0.0192,-0.0035,0.0748,0.0076
1984-02-01,157.30,7.15,14.85,102.40,0.1184,-0.0477,-0.0168,0.0341,0.0071
1984-03-01,157.40,7.18,15.26,102.60,0.1232,0.0065,0.001,0.0053,0.0073
1984-04-01,157.60,7.22,15.57,103.10,0.1263,-0.0051,-0.0116,0.0119,0.0081
1984-05-01,156.60,7.27,15.89,103.40,0.1341,-0.0598,0.0007,0.0026,0.0078
1984-06-01,153.10,7.31,16.20,103.70,0.1356,0.0181,-0.0024,-0.0275,0.0075
1984-07-01,151.10,7.33,16.32,104.10,0.1336,-0.0272,-0.022,0.0039,0.0082
1984-08-01,164.40,7.36,16.44,104.50,0.1272,0.1027,-0.0027,-0.0174,0.0083
1984-09-01,166.10,7.38,16.56,105.00,0.1252,-0.008,0.0015,0.0525,0.0086
1984-01-01,164.80,7.43,16.59,105.30,0.1216,-0.0084,-0.0111,0.0059,0.01
1984-11-01,166.30,7.48,16.61,105.30,0.1157,-0.0177,-0.0072,0.0387,0.0073
1984-12-01,164.50,7.53,16.64,105.30,0.115,0.0184,-0.0066,-0.0029,0.0064
1985-01-01,171.60,7.57,16.56,105.50,0.1138,0.0797,0.0327,-0.0521,0.0065
1985-02-01,180.90,7.62,16.47,106.00,0.1151,0.0122,0.0071,-0.0024,0.0058
1985-03-01,179.40,7.66,16.39,106.40,0.1186,-0.0083,-0.0107,0.0401,0.0062
1985-04-01,180.60,7.69,16.13,106.90,0.1143,-0.0096,0.0009,0.036,0.0072
1985-05-01,184.90,7.71,15.87,107.30,0.1085,0.0507,-0.023,-0.0098,0.0066
1985-06-01,188.90,7.74,15.61,107.60,0.1016,0.0127,0.0048,0.0038,0.0055
1985-07-01,192.50,7.77,15.48,107.80,0.1031,-0.0072,0.0283,-0.0162,0.0062
1985-08-01,188.30,7.81,15.36,108.00,0.1033,-0.0101,-0.003,0.0234,0.0055
1985-09-01,184.10,7.84,15.23,108.30,0.1037,-0.0451,-0.0162,0.0121,0.006
1985-01-01,186.20,7.86,15.02,108.70,0.1024,0.04,-0.015,0.0077,0.0065
1985-11-01,197.50,7.88,14.82,109.00,0.0978,0.0646,0.0019,-0.0291,0.0061
1985-12-01,207.30,7.90,14.61,109.30,0.0926,0.0388,-0.0053,-0.0146,0.0065
1986-01-01,208.20,7.94,14.58,109.60,0.0919,0.0065,0.0115,0.0046,0.0056
1986-02-01,219.40,7.98,14.55,109.30,0.087,0.0714,-0.0057,-0.0063,0.0053
1986-03-01,232.30,8.02,14.52,108.80,0.0778,0.0491,-0.0054,-0.0039,0.006
1986-04-01,238.00,8.05,14.58,108.60,0.073,-0.0128,0.0276,-0.0281,0.0052
1986-05-01,238.50,8.07,14.65,108.90,0.0771,0.0462,-0.0136,-0.0014,0.0049
1986-06-01,245.30,8.10,14.71,109.50,0.078,0.0106,-0.0093,0.012,0.0052
1986-07-01,240.20,8.14,14.76,109.50,0.073,-0.0643,-0.0343,0.0466,0.0052
1986-08-01,245.00,8.19,14.80,109.70,0.0717,0.0607,-0.0416,0.0354,0.0046
1986-09-01,238.30,8.23,14.85,110.20,0.0745,-0.0859,0.024,0.0323,0.0045
1986-01-01,237.40,8.25,14.73,110.30,0.0743,0.0464,-0.0253,-0.0142,0.0046
1986-11-01,245.10,8.26,14.60,110.40,0.0725,0.0117,-0.0187,-0.0002,0.0039
1986-12-01,248.60,8.28,14.48,110.50,0.0711,-0.0326,0.0019,0.0036,0.0049
1987-01-01,264.50,8.30,14.69,111.20,0.0708,0.1245,-0.0189,-0.0318,0.0042
1987-02-01,280.90,8.32,14.89,111.60,0.0725,0.0438,0.0345,-0.0586,0.0043
1987-03-01,292.50,8.34,15.10,112.10,0.0725,0.0163,0.005,0.0166,0.0047
1987-04-01,289.30,8.40,14.87,112.70,0.0802,-0.0209,-0.0172,-0.0036,0.0044
1987-05-01,289.10,8.46,14.65,113.10,0.0861,0.0011,-0.0053,0.0022,0.0038
1987-06-01,301.40,8.52,14.42,113.50,0.084,0.0391,-0.0203,0.0113,0.0048
1987-07-01,310.10,8.57,14.90,113.80,0.0845,0.0384,-0.0057,0.0094,0.0046
1987-08-01,329.40,8.61,15.38,114.40,0.0876,0.0352,-0.0085,-0.0098,0.0047
1987-09-01,318.70,8.66,15.86,115.00,0.0942,-0.0258,0.0058,0.0026,0.0045
1987-01-01,280.20,8.71,16.41,115.30,0.0952,-0.2319,-0.0827,0.0418,0.006
1987-11-01,245.00,8.76,16.95,115.40,0.0886,-0.0776,0.0268,0.0314,0.0035
1987-12-01,241.00,8.81,17.50,115.40,0.0899,0.0682,0.0003,-0.0442,0.0039
1988-01-01,250.50,8.86,17.86,115.70,0.0867,0.0421,-0.0075,0.0493,0.0029
1988-02-01,258.10,8.90,18.23,116.00,0.0821,0.0477,0.0333,-0.0153,0.0046
1988-03-01,265.70,8.95,18.59,116.50,0.0837,-0.0226,0.0601,0.0086,0.0044
1988-04-01,262.60,9.04,19.62,117.10,0.0872,0.0057,0.0091,0.0151,0.0046
1988-05-01,256.10,9.14,20.64,117.50,0.0909,-0.0027,-0.0254,0.0244,0.0051
1988-06-01,270.70,9.23,21.67,118.00,0.0892,0.0478,0.0202,-0.0135,0.0049
1988-07-01,269.10,9.31,22.02,118.50,0.0906,-0.0125,-0.0023,0.0218,0.0051
1988-08-01,263.70,9.38,22.38,119.00,0.0926,-0.0331,0.0007,0.0214,0.0059
1988-09-01,268.00,9.46,22.73,119.80,0.0898,0.0331,-0.0134,-0.0075,0.0062
1988-01-01,277.40,9.55,23.07,120.20,0.088,0.0116,-0.0292,0.0203,0.0061
1988-11-01,271.00,9.64,23.42,120.30,0.0896,-0.0227,-0.0164,0.0147,0.0057
1988-12-01,276.50,9.75,23.75,120.50,0.0911,0.0148,0.0189,-0.0183,0.0063
1989-01-01,285.40,9.81,24.16,121.10,0.0909,0.0607,-0.0219,0.0061,0.0055
1989-02-01,294.00,9.90,24.56,121.60,0.0917,-0.0223,0.0281,0.0099,0.0061
1989-03-01,292.70,10.01,24.96,122.30,0.0936,0.0157,0.0067,0.0047,0.0067
1989-04-01,302.30,10.09,25.05,123.10,0.0918,0.0435,-0.0067,-0.0148,0.0067
1989-05-01,313.90,10.19,25.13,123.80,0.0886,0.0328,-0.0009,-0.009,0.0079
1989-06-01,323.70,10.37,25.22,124.10,0.0828,-0.0133,-0.0097,0.0221,0.0071
1989-07-01,331.90,10.42,24.71,124.40,0.0802,0.0718,-0.0411,-0.028,0.007
1989-08-01,346.60,10.55,24.20,124.60,0.0811,0.0143,0.0057,0.0062,0.0074
1989-09-01,347.30,10.73,23.69,125.00,0.0819,-0.0076,0.003,-0.0127,0.0065
1989-01-01,347.40,10.80,23.43,125.60,0.0801,-0.0365,-0.0324,-0.0116,0.0068
1989-11-01,340.20,10.92,23.16,125.90,0.0787,0.0104,-0.0119,-0.0113,0.0069
1989-12-01,348.60,11.06,22.87,126.10,0.0784,0.0118,-0.0237,0.0015,0.0061
1990-01-01,339.97,11.14,22.49,127.40,0.0821,-0.078,-0.0114,0.0083,0.0057
1990-02-01,330.45,11.23,22.08,128.00,0.0847,0.0112,0.0097,0.0065,0.0057
1990-03-01,338.46,11.32,21.67,128.70,0.0859,0.0183,0.0147,-0.029,0.0064
1990-04-01,338.18,11.44,21.53,128.90,0.0879,-0.0336,-0.0047,-0.0257,0.0069
1990-05-01,350.25,11.55,21.40,129.20,0.0876,0.0843,-0.0256,-0.0389,0.0068
1990-06-01,360.39,11.66,21.26,129.90,0.0848,-0.0109,0.0135,-0.02,0.0063
1990-07-01,360.03,11.73,21.42,130.40,0.0847,-0.019,-0.0308,-0.0006,0.0068
1990-08-01,330.75,11.78,21.58,131.60,0.0875,-0.1012,-0.035,0.0156,0.0066
1990-09-01,315.41,11.83,21.74,132.70,0.0889,-0.0611,-0.0364,0.0059,0.006
1990-01-01,307.12,11.93,21.61,133.50,0.0872,-0.0192,-0.0552,0.0008,0.0068
1990-11-01,315.29,12.01,21.47,133.80,0.0839,0.0635,0.0042,-0.0297,0.0057
1990-12-01,328.75,12.09,21.34,133.80,0.0808,0.0246,0.0079,-0.0157,0.006
1991-01-01,325.49,12.11,21.18,134.60,0.0809,0.0469,0.0378,-0.0148,0.0052
1991-02-01,362.26,12.11,21.03,134.80,0.0785,0.0719,0.0401,-0.0062,0.0048
1991-03-01,372.28,12.11,20.94,135.00,0.0811,0.0266,0.0388,-0.013,0.0044
1991-04-01,379.68,12.13,20.36,135.20,0.0804,-0.0028,0.005,0.0149,0.0053
1991-05-01,377.99,12.14,19.86,135.60,0.0807,0.0366,-0.0039,-0.0052,0.0047
1991-06-01,378.29,12.15,19.41,136.00,0.0828,-0.0494,0.0018,0.0108,0.0042
1991-07-01,380.23,12.19,18.84,136.20,0.0827,0.0424,-0.0097,-0.013,0.0049
1991-08-01,389.40,12.24,18.33,136.60,0.079,0.0232,0.0158,-0.0079,0.0046
1991-09-01,387.20,12.28,17.82,137.20,0.0765,-0.0159,0.0168,-0.0123,0.0046
1991-01-01,386.88,12.25,17.20,137.40,0.0753,0.0129,0.0077,-0.0043,0.0042
1991-11-01,385.92,12.23,16.59,137.80,0.0742,-0.042,-0.0051,-0.0177,0.0039
1991-12-01,388.51,12.20,15.97,137.90,0.0709,0.1085,-0.0226,-0.0423,0.0038
1992-01-01,416.08,12.24,16.05,138.10,0.0703,-0.0059,0.0848,0.0467,0.0034
1992-02-01,412.56,12.28,16.12,138.60,0.0734,0.0108,0.0083,0.0651,0.0028
1992-03-01,407.36,12.32,16.19,139.30,0.0754,-0.0265,-0.0097,0.0349,0.0034
1992-04-01,407.41,12.32,16.48,139.50,0.0748,0.0109,-0.0612,0.0436,0.0032
1992-05-01,414.81,12.32,16.77,139.70,0.0739,0.003,0.0041,0.0111,0.0028
1992-06-01,408.27,12.32,17.05,140.20,0.0726,-0.0233,-0.031,0.0324,0.0032
1992-07-01,415.05,12.34,17.38,140.50,0.0684,0.0378,-0.0045,-0.0051,0.0031
1992-08-01,417.93,12.37,17.71,140.90,0.0659,-0.0238,-0.001,-0.0109,0.0026
1992-09-01,418.48,12.40,18.04,141.30,0.0642,0.0119,0.0055,-0.0019,0.0026
1992-01-01,412.50,12.39,18.39,141.80,0.0659,0.0102,0.0211,-0.0198,0.0023
1992-11-01,422.84,12.38,18.74,142.00,0.0687,0.0414,0.0368,-0.0152,0.0023
1992-12-01,435.64,12.39,19.09,141.90,0.0677,0.0153,0.0165,0.0264,0.0028
1993-01-01,435.23,12.41,19.34,142.60,0.066,0.0093,0.0189,0.059,0.0023
1993-02-01,441.70,12.45,19.59,143.10,0.0626,0.0012,-0.0339,0.0648,0.0022
1993-03-01,450.16,12.48,19.84,143.60,0.0598,0.0232,0.0029,0.0126,0.0025
1993-04-01,443.08,12.49,19.67,144.00,0.0597,-0.0305,-0.0062,0.0255,0.0024
1993-05-01,445.25,12.51,19.50,144.20,0.0604,0.0289,0.0206,-0.0346,0.0022
1993-06-01,448.06,12.52,19.33,144.40,0.0596,0.003,-0.003,0.0264,0.0025
1993-07-01,447.29,12.52,19.69,144.40,0.0581,-0.0034,0.0096,0.0287,0.0024
1993-08-01,454.13,12.52,20.05,144.80,0.0568,0.0372,0.0011,0.0018,0.0025
1993-09-01,459.24,12.52,20.41,145.10,0.0536,-0.0012,0.0309,-0.0024,0.0026
1993-01-01,463.90,12.54,20.90,145.70,0.0533,0.0142,0.0199,-0.0278,0.0022
1993-11-01,462.89,12.56,21.39,145.80,0.0572,-0.0187,-0.0127,-0.0078,0.0025
1993-12-01,465.95,12.58,21.89,145.80,0.0577,0.0165,0.0119,0.0025,0.0023
1994-01-01,472.99,12.62,22.16,146.20,0.0575,0.0287,0.0033,0.011,0.0025
1994-02-01,471.58,12.67,22.43,146.70,0.0597,-0.0255,0.0276,-0.0152,0.0021
1994-03-01,463.81,12.71,22.71,147.20,0.0648,-0.0479,-0.0108,0.0167,0.0027
1994-04-01,447.23,12.75,23.54,147.40,0.0697,0.0068,-0.0093,0.0166,0.0027
1994-05-01,450.90,12.80,24.37,147.50,0.0718,0.0058,-0.0209,0.006,0.0032
1994-06-01,454.83,12.84,25.20,148.00,0.071,-0.0304,-0.0043,0.0177,0.0031
1994-07-01,451.40,12.87,25.91,148.40,0.073,0.0282,-0.0181,0.0061,0.0028
1994-08-01,464.24,12.90,26.62,149.00,0.0724,0.0402,0.015,-0.0255,0.0037
1994-09-01,466.96,12.92,27.33,149.40,0.0746,-0.0228,0.0304,-0.0181,0.0037
1994-01-01,463.81,13.01,28.42,149.50,0.0774,0.0135,-0.0216,-0.0166,0.0038
1994-11-01,461.01,13.10,29.51,149.70,0.0796,-0.0403,0.0028,-0.0073,0.0037
1994-12-01,455.19,13.17,30.60,149.70,0.0781,0.0086,0.0017,-0.0009,0.0044
1995-01-01,465.25,13.18,31.25,150.30,0.0778,0.018,-0.0351,0.0259,0.0042
1995-02-01,481.92,13.18,31.90,150.90,0.0747,0.0363,-0.0061,0.0099,0.004
1995-03-01,493.15,13.17,32.55,151.40,0.072,0.0219,-0.002,-0.0213,0.0046
1995-04-01,507.91,13.24,33.18,151.90,0.0706,0.0211,-0.0051,0.0167,0.0044
1995-05-01,523.81,13.31,33.80,152.20,0.0663,0.029,-0.0253,0.0228,0.0054
1995-06-01,539.35,13.36,34.43,152.50,0.0617,0.0272,0.0317,-0.0254,0.0047
1995-07-01,557.37,13.44,34.68,152.50,0.0628,0.0371,0.0209,-0.0158,0.0045
1995-08-01,559.11,13.51,34.93,152.90,0.0649,0.0055,0.0131,0.0268,0.0047
1995-09-01,578.77,13.58,35.18,153.20,0.062,0.0336,-0.0216,-0.0011,0.0043
1995-01-01,582.92,13.65,34.77,153.70,0.0604,-0.0151,-0.038,-0.0049,0.0047
1995-11-01,595.53,13.72,34.37,153.60,0.0593,0.0396,-0.0112,0.0052,0.0042
1995-12-01,614.57,13.79,33.96,153.50,0.0571,0.0104,0.0066,0.0024,0.0049
1996-01-01,614.42,13.89,33.99,154.40,0.0565,0.0226,-0.0283,0.0046,0.0043
1996-02-01,649.54,14.00,34.01,154.90,0.0581,0.0133,0.0179,-0.0105,0.0039
1996-03-01,647.07,14.10,34.04,155.70,0.0627,0.0074,0.0143,0.0042,0.0039
1996-04-01,647.17,14.16,34.33,156.30,0.0651,0.0206,0.052,-0.0397,0.0046
1996-05-01,661.23,14.21,34.62,156.60,0.0674,0.0236,0.032,-0.009,0.0042
1996-06-01,668.50,14.27,34.91,156.70,0.0691,-0.0113,-0.04,0.0233,0.004
1996-07-01,644.07,14.40,35.27,157.00,0.0687,-0.0596,-0.043,0.0519,0.0045
1996-08-01,662.68,14.53,35.64,157.30,0.0664,0.0277,0.0245,-0.0082,0.0041
1996-09-01,674.88,14.66,36.00,157.80,0.0683,0.0501,-0.0102,-0.0274,0.0044
1996-01-01,701.46,14.74,36.91,158.30,0.0653,0.0087,-0.0439,0.0488,0.0042
1996-11-01,735.67,14.82,37.82,158.60,0.062,0.0625,-0.0404,0.014,0.0041
1996-12-01,743.25,14.90,38.73,158.60,0.063,-0.017,0.0312,0.0128,0.0046
1997-01-01,766.22,14.95,39.23,159.10,0.0658,0.0496,-0.0193,-0.0144,0.0045
1997-02-01,798.39,15.01,39.74,159.60,0.0642,-0.0048,-0.0316,0.0561,0.0039
1997-03-01,792.16,15.06,40.24,160.00,0.0669,-0.0502,-0.0033,0.0339,0.0043
1997-04-01,763.93,15.09,40.34,160.20,0.0689,0.0404,-0.0574,0,0.0043
1997-05-01,833.09,15.13,40.45,160.10,0.0671,0.0673,0.0512,-0.0411,0.0049
1997-06-01,876.29,15.16,40.55,160.30,0.0649,0.041,0.0121,0.0144,0.0037
1997-07-01,925.29,15.22,40.58,160.50,0.0622,0.0731,-0.0273,0.0013,0.0043
1997-08-01,927.24,15.27,40.61,160.80,0.063,-0.041,0.0715,0.0113,0.0041
1997-09-01,937.02,15.33,40.64,161.20,0.0621,0.0534,0.0254,0.0024,0.0044
1997-01-01,951.16,15.39,40.33,161.60,0.0603,-0.038,-0.0071,0.0233,0.0042
1997-11-01,938.92,15.44,40.03,161.50,0.0588,0.0299,-0.0511,0.0122,0.0039
1997-12-01,962.37,15.50,39.72,161.30,0.0581,0.0133,-0.0248,0.0374,0.0048
1998-01-01,963.36,15.55,39.66,161.60,0.0554,0.0015,-0.0101,-0.0168,0.0043
1998-02-01,1023.74,15.60,39.60,161.90,0.0557,0.0703,0.0013,-0.0093,0.0039
1998-03-01,1076.83,15.64,39.54,162.20,0.0565,0.0476,-0.0119,0.0138,0.0039
1998-04-01,1112.20,15.75,39.35,162.50,0.0564,0.0074,0.0006,0.0103,0.0043
1998-05-01,1108.42,15.85,39.16,162.80,0.0565,-0.0307,-0.034,0.0341,0.004
1998-06-01,1108.39,15.95,38.97,163.00,0.055,0.0319,-0.0317,-0.0203,0.0041
1998-07-01,1156.58,16.02,38.68,163.20,0.0546,-0.0242,-0.0483,-0.0183,0.004
1998-08-01,1074.62,16.08,38.38,163.40,0.0534,-0.1605,-0.0547,0.0357,0.0043
1998-09-01,1020.64,16.14,38.09,163.60,0.0481,0.0619,-0.0002,-0.0351,0.0046
1998-01-01,1032.47,16.17,37.96,164.00,0.0453,0.0698,-0.0298,-0.0233,0.0032
1998-11-01,1144.43,16.18,37.84,164.00,0.0483,0.0607,0.0126,-0.0324,0.0031
1998-12-01,1190.05,16.20,37.71,163.90,0.0465,0.0615,-0.0046,-0.0425,0.0038
1999-01-01,1248.77,16.28,37.93,164.30,0.0472,0.0348,0.0067,-0.0446,0.0035
1999-02-01,1246.58,16.37,38.16,164.50,0.05,-0.0408,-0.0602,0.0195,0.0035
1999-03-01,1281.66,16.45,38.38,165.00,0.0523,0.0348,-0.0384,-0.0261,0.0043
1999-04-01,1334.76,16.45,39.26,166.20,0.0518,0.0434,0.0389,0.024,0.0037
1999-05-01,1332.07,16.45,40.14,166.20,0.0554,-0.0246,0.0332,0.0249,0.0034
1999-06-01,1322.55,16.45,41.02,166.20,0.059,0.0477,0.0323,-0.0322,0.004
1999-07-01,1380.99,16.51,42.00,166.70,0.0579,-0.0349,0.0248,-0.0018,0.0038
1999-08-01,1327.49,16.58,42.98,167.10,0.0594,-0.0137,-0.0095,-0.0193,0.0039
1999-09-01,1318.17,16.64,43.96,167.90,0.0592,-0.0277,0.0312,-0.029,0.0039
1999-01-01,1300.01,16.66,45.36,168.20,0.0611,0.0609,-0.0694,-0.0288,0.0039
1999-11-01,1391.00,16.67,46.77,168.30,0.0603,0.0341,0.0687,-0.0565,0.0036
1999-12-01,1428.68,16.69,48.17,168.30,0.0628,0.0766,0.0656,-0.0766,0.0044
2000-01-01,1425.59,16.71,49.10,168.80,0.0666,-0.0474,0.0516,-0.0112,0.0041
2000-02-01,1388.87,16.74,50.02,169.80,0.0652,0.0246,0.2125,-0.0977,0.0043
2000-03-01,1442.21,16.76,50.95,171.20,0.0626,0.0521,-0.1741,0.085,0.0047
2000-04-01,1461.36,16.74,51.27,171.30,0.0599,-0.0639,-0.06,0.0645,0.0046
2000-05-01,1418.48,16.72,51.60,171.50,0.0644,-0.0439,-0.0608,0.0459,0.005
2000-06-01,1461.96,16.70,51.92,172.40,0.061,0.0468,0.1271,-0.0804,0.004
2000-07-01,1473.00,16.58,52.51,172.80,0.0605,-0.0248,-0.0284,0.0806,0.0048
2000-08-01,1485.46,16.47,53.11,172.80,0.0583,0.0703,-0.005,-0.0137,0.005
2000-09-01,1468.05,16.35,53.70,173.70,0.058,-0.0544,-0.0174,0.0724,0.0051
2000-01-01,1390.14,16.32,52.47,174.00,0.0574,-0.0278,-0.0385,0.0558,0.0056
2000-11-01,1378.04,16.30,51.23,174.10,0.0572,-0.107,-0.0308,0.1224,0.0051
2000-12-01,1330.93,16.27,50.00,174.00,0.0524,0.0118,0.0082,0.0755,0.005
2001-01-01,1335.63,16.17,48.48,175.10,0.0516,0.0325,0.0641,-0.0505,0.0054
2001-02-01,1305.75,16.07,46.96,175.80,0.051,-0.1003,-0.0065,0.1223,0.0038
2001-03-01,1185.85,15.97,45.44,176.20,0.0489,-0.0725,0.0026,0.0647,0.0042
2001-04-01,1189.84,15.88,42.56,176.90,0.0514,0.0793,0.005,-0.0464,0.0039
2001-05-01,1270.37,15.78,39.67,177.70,0.0539,0.0068,0.0248,0.0338,0.0032
2001-06-01,1238.71,15.69,36.79,178.00,0.0528,-0.0194,0.0635,-0.0126,0.0028
2001-07-01,1204.45,15.71,33.96,177.50,0.0524,-0.0213,-0.0405,0.0495,0.003
2001-08-01,1178.50,15.72,31.14,177.50,0.0497,-0.064,0.0219,0.0286,0.0031
2001-09-01,1044.64,15.74,28.31,178.30,0.0473,-0.0924,-0.0623,0.0152,0.0028
2001-01-01,1076.59,15.74,27.10,177.70,0.0457,0.0248,0.0749,-0.0731,0.0022
2001-11-01,1129.68,15.74,25.90,177.40,0.0465,0.0753,-0.0057,0.0217,0.0017
2001-12-01,1144.93,15.74,24.69,176.70,0.0509,0.0161,0.0472,0.0083,0.0015
2002-01-01,1140.21,15.74,24.69,177.10,0.0504,-0.0144,0.0117,0.0342,0.0014
2002-02-01,1100.67,15.73,24.70,177.80,0.0491,-0.023,-0.0108,0.0234,0.0013
2002-03-01,1153.79,15.73,24.70,178.80,0.0528,0.0424,0.0409,0.0108,0.0013
2002-04-01,1111.93,15.83,25.38,179.80,0.0521,-0.0521,0.0582,0.0401,0.0015
2002-05-01,1079.25,15.94,26.06,179.80,0.0516,-0.0136,-0.0327,0.0152,0.0014
2002-06-01,1014.02,16.04,26.74,179.90,0.0493,-0.0723,0.0408,0.0037,0.0013
2002-07-01,903.59,15.96,27.84,180.10,0.0465,-0.0819,-0.0525,-0.0351,0.0015
2002-08-01,912.55,15.88,28.94,180.70,0.0426,0.005,-0.028,0.0301,0.0014
2002-09-01,867.81,15.80,30.04,181.00,0.0387,-0.1034,0.0242,0.0126,0.0014
2002-01-01,854.63,15.89,29.22,181.30,0.0394,0.0784,-0.034,-0.0376,0.0014
2002-11-01,909.93,15.98,28.41,181.30,0.0405,0.0596,0.0326,-0.0116,0.0012
2002-12-01,899.18,16.07,27.59,180.90,0.0403,-0.0576,-0.0004,0.0211,0.0011
2003-01-01,895.84,16.12,28.50,181.70,0.0405,-0.0257,0.0134,-0.0079,0.001
2003-02-01,837.03,16.17,29.41,183.10,0.039,-0.0188,-0.0044,-0.0136,0.0009
2003-03-01,846.63,16.22,30.32,184.20,0.0381,0.0109,0.0117,-0.0211,0.001
2003-04-01,890.03,16.20,31.73,183.80,0.0396,0.0818,0.0076,0.0122,0.001
2003-05-01,935.96,16.19,33.14,183.50,0.0357,0.0605,0.0461,0.007,0.0009
2003-06-01,988.00,16.17,34.55,183.70,0.0333,0.0142,0.017,0.0014,0.001
2003-07-01,992.54,16.31,35.89,183.90,0.0398,0.0233,0.0493,-0.0153,0.0007
2003-08-01,989.53,16.45,37.24,184.60,0.0445,0.0233,0.0244,0.0164,0.0007
2003-09-01,1019.44,16.59,38.58,185.20,0.0427,-0.0124,0.0085,0.0014,0.0008
2003-01-01,1038.73,16.86,41.97,185.00,0.0429,0.0608,0.0259,0.0221,0.0007
2003-11-01,1049.90,17.12,45.35,184.50,0.043,0.0135,0.0206,0.0172,0.0007
2003-12-01,1080.64,17.39,48.74,184.30,0.0427,0.0429,-0.0268,0.0151,0.0008
2004-01-01,1132.52,17.60,49.83,185.20,0.0415,0.0215,0.0254,0.0242,0.0007
2004-02-01,1143.36,17.81,50.91,186.20,0.0408,0.014,-0.0157,0.0095,0.0006
2004-03-01,1123.98,18.02,52.00,187.40,0.0383,-0.0132,0.0173,0.0023,0.0009
2004-04-01,1133.36,18.21,53.38,188.00,0.0435,-0.0181,-0.0173,-0.0323,0.0008
2004-05-01,1102.78,18.41,54.77,189.10,0.0472,0.0118,-0.0023,-0.0018,0.0006
2004-06-01,1132.76,18.60,56.15,189.70,0.0473,0.0185,0.0225,0.0121,0.0008
2004-07-01,1105.85,18.79,56.69,189.40,0.045,-0.0404,-0.0376,0.0322,0.001
2004-08-01,1088.94,18.97,57.23,189.50,0.0428,0.0007,-0.0152,0.0108,0.0011
2004-09-01,1117.66,19.16,57.77,189.90,0.0413,0.016,0.0301,-0.0005,0.0011
2004-01-01,1117.21,19.25,58.03,190.90,0.041,0.0142,0.0013,-0.0026,0.0011
2004-11-01,1168.94,19.35,58.29,191.00,0.0419,0.0453,0.0374,0.0157,0.0015
2004-12-01,1199.21,19.44,58.55,190.30,0.0423,0.0342,-0.0003,-0.0023,0.0016
2005-01-01,1181.41,19.70,59.11,190.70,0.0422,-0.0275,-0.0166,0.0206,0.0016
2005-02-01,1199.63,19.97,59.66,191.80,0.0417,0.0188,-0.0057,0.0141,0.0016
2005-03-01,1194.90,20.23,60.22,193.30,0.045,-0.0194,-0.0141,0.0207,0.0021
2005-04-01,1164.43,20.46,61.23,194.60,0.0434,-0.0261,-0.0393,0.0005,0.0021
2005-05-01,1178.28,20.70,62.25,194.40,0.0414,0.0365,0.0286,-0.0058,0.0024
2005-06-01,1202.25,20.93,63.26,194.50,0.04,0.0058,0.0256,0.028,0.0023
2005-07-01,1222.24,21.11,64.33,195.40,0.0418,0.0392,0.0287,-0.0078,0.0024
2005-08-01,1224.27,21.29,65.40,196.40,0.0426,-0.012,-0.0107,0.0134,0.003
2005-09-01,1225.92,21.47,66.47,198.80,0.042,0.0048,-0.0062,0.0078,0.0029
2005-01-01,1191.96,21.72,67.59,199.20,0.0446,-0.0204,-0.013,0.0043,0.0027
2005-11-01,1237.37,21.97,68.71,197.60,0.0454,0.0361,0.0105,-0.0119,0.0031
2005-12-01,1262.07,22.22,69.83,196.80,0.0447,-0.0024,-0.0044,0.0015,0.0032
2006-01-01,1278.73,22.41,70.78,198.30,0.0442,0.0303,0.0546,0.0099,0.0035
2006-02-01,1276.65,22.59,71.72,198.70,0.0457,-0.003,-0.0041,-0.0031,0.0034
2006-03-01,1293.74,22.78,72.67,199.80,0.0472,0.0147,0.0339,0.0061,0.0037
2006-04-01,1302.17,23.00,73.28,201.50,0.0499,0.0073,-0.0138,0.0226,0.0036
2006-05-01,1290.01,23.22,73.88,202.50,0.0511,-0.0356,-0.0301,0.0238,0.0043
2006-06-01,1253.17,23.44,74.49,202.90,0.0511,-0.0035,-0.0035,0.0085,0.004
2006-07-01,1260.24,23.66,75.85,203.50,0.0509,-0.0077,-0.0395,0.0262,0.004
2006-08-01,1287.15,23.88,77.21,203.90,0.0488,0.0203,0.0099,-0.0195,0.0042
2006-09-01,1317.74,24.10,78.57,202.90,0.0472,0.0184,-0.013,0.0006,0.0041
2006-01-01,1363.38,24.36,79.55,201.80,0.0473,0.0322,0.0177,-0.0033,0.0041
2006-11-01,1388.64,24.62,80.53,201.50,0.046,0.017,0.0063,0.0004,0.0042
2006-12-01,1416.42,24.88,81.51,201.80,0.0456,0.0085,-0.0116,0.0274,0.004
2007-01-01,1424.16,25.08,82.06,202.42,0.0476,0.0138,0.0009,-0.0068,0.0044
2007-02-01,1444.80,25.29,82.60,203.50,0.0472,-0.0196,0.0123,-0.0008,0.0038
2007-03-01,1406.95,25.49,83.15,205.35,0.0456,0.0071,0.0009,-0.0088,0.0043
2007-04-01,1463.64,25.72,83.74,206.69,0.0469,0.0349,-0.0221,-0.0144,0.0044
2007-05-01,1511.14,25.94,84.33,207.95,0.0475,0.0323,0.0016,-0.0059,0.0041
2007-06-01,1514.19,26.17,84.92,208.35,0.051,-0.0196,0.0073,-0.0105,0.004
2007-07-01,1520.71,26.44,82.81,208.30,0.05,-0.0372,-0.0266,-0.0368,0.004
2007-08-01,1454.62,26.71,80.71,207.92,0.0467,0.0094,-0.0011,-0.0187,0.0042
2007-09-01,1497.12,26.98,78.60,208.49,0.0452,0.0322,-0.0225,-0.0217,0.0032
2007-01-01,1539.66,27.23,74.46,208.94,0.0453,0.0179,0.0019,-0.0287,0.0032
2007-11-01,1463.39,27.48,70.32,210.18,0.0415,-0.048,-0.0281,-0.0109,0.0034
2007-12-01,1479.22,27.73,66.18,210.04,0.041,-0.0087,0.0011,-0.0051,0.0027
2008-01-01,1378.76,27.92,64.25,211.08,0.0374,-0.0633,-0.0102,0.04,0.0021
2008-02-01,1354.87,28.11,62.32,211.69,0.0374,-0.0309,-0.0048,-0.0072,0.0013
2008-03-01,1316.94,28.30,60.39,213.53,0.0351,-0.0094,0.0071,0.0031,0.0017
2008-04-01,1370.47,28.44,57.38,214.82,0.0368,0.0461,-0.0169,-0.0096,0.0018
2008-05-01,1403.22,28.57,54.38,216.63,0.0388,0.0187,0.0297,-0.015,0.0018
2008-06-01,1341.25,28.71,51.37,218.82,0.041,-0.0843,0.0115,-0.0251,0.0017
2008-07-01,1257.33,28.76,49.56,219.96,0.0401,-0.0075,0.026,0.052,0.0015
2008-08-01,1281.47,28.80,47.76,219.09,0.0389,0.0153,0.034,0.0152,0.0013
2008-09-01,1216.95,28.85,45.95,218.78,0.0369,-0.0935,-0.0107,0.0566,0.0015
2008-01-01,968.80,28.70,35.59,216.57,0.0381,-0.172,-0.0231,-0.0189,0.0008
2008-11-01,883.04,28.54,25.24,212.43,0.0353,-0.0774,-0.0301,-0.0621,0.0003
2008-12-01,877.56,28.39,14.88,210.23,0.0242,0.0177,0.0352,0.0005,0
2009-01-01,865.58,28.01,12.21,211.14,0.0252,-0.0809,0.0004,-0.1102,0
2009-02-01,805.23,27.64,9.53,212.19,0.0287,-0.1014,0.0014,-0.066,0.0001
2009-03-01,757.13,27.26,6.86,212.71,0.0282,0.0901,-0.001,0.0348,0.0002
2009-04-01,848.15,26.70,7.08,213.24,0.0293,0.1017,0.054,0.0538,0.0001
2009-05-01,902.41,26.15,7.29,213.86,0.0329,0.0521,-0.0241,0.0041,0
2009-06-01,926.12,25.59,7.51,215.69,0.0372,0.0042,0.0258,-0.0276,0.0001
2009-07-01,935.82,25.03,9.19,215.35,0.0356,0.0774,0.0175,0.0489,0.0001
2009-08-01,1009.73,24.46,10.86,215.83,0.0359,0.0333,-0.0112,0.076,0.0001
2009-09-01,1044.55,23.90,12.54,215.97,0.034,0.0408,0.0243,0.0115,0.0001
2009-01-01,1067.66,23.40,25.35,216.18,0.0339,-0.0253,-0.0426,-0.0417,0
2009-11-01,1088.07,22.91,38.16,216.33,0.034,0.0563,-0.025,-0.0033,0
2009-12-01,1110.38,22.41,50.97,215.95,0.0359,0.028,0.0601,-0.0011,0.0001
2010-01-01,1123.58,22.24,54.29,216.69,0.0373,-0.0335,0.0043,0.0033,0
2010-02-01,1089.16,22.07,57.61,216.74,0.0369,0.0339,0.0118,0.0318,0
2010-03-01,1152.05,21.90,60.93,217.63,0.0373,0.063,0.0146,0.0219,0.0001
2010-04-01,1197.32,21.95,62.99,218.01,0.0385,0.0199,0.0484,0.0296,0.0001
2010-05-01,1125.06,21.99,65.04,218.18,0.0342,-0.079,0.0013,-0.0248,0.0001
2010-06-01,1083.36,22.04,67.10,217.97,0.032,-0.0556,-0.0179,-0.0473,0.0001
2010-07-01,1079.80,22.14,68.69,218.01,0.0301,0.0692,0.0022,-0.005,0.0001
2010-08-01,1087.28,22.25,70.27,218.31,0.027,-0.0478,-0.0301,-0.0173,0.0001
2010-09-01,1122.08,22.35,71.86,218.44,0.0265,0.0955,0.0382,-0.0302,0.0001
2010-01-01,1171.58,22.48,73.69,218.71,0.0254,0.0387,0.0108,-0.0246,0.0001
2010-11-01,1198.89,22.60,75.52,218.80,0.0276,0.0059,0.0367,-0.009,0.0001
2010-12-01,1241.53,22.73,77.35,219.18,0.0329,0.0682,0.0072,0.0356,0.0001
2011-01-01,1282.62,22.96,78.67,220.22,0.0339,0.0198,-0.0229,0.0061,0.0001
2011-02-01,1321.12,23.20,79.99,221.31,0.0358,0.0348,0.015,0.0118,0.0001
2011-03-01,1304.49,23.43,81.31,223.47,0.0341,0.0045,0.0249,-0.0184,0.0001
2011-04-01,1331.51,23.73,82.16,224.91,0.0346,0.029,-0.0042,-0.0244,0
2011-05-01,1338.31,24.04,83.02,225.96,0.0317,-0.0127,-0.0073,-0.0185,0
2011-06-01,1287.29,24.34,83.87,225.72,0.03,-0.0174,-0.0027,-0.002,0
2011-07-01,1325.19,24.62,84.91,225.92,0.03,-0.0235,-0.0117,-0.0091,0
2011-08-01,1185.31,24.90,85.94,226.55,0.023,-0.0596,-0.0296,-0.0243,0.0001
2011-09-01,1173.88,25.18,86.98,226.89,0.0198,-0.0758,-0.0312,-0.0153,0
2011-01-01,1207.22,25.60,86.97,226.42,0.0215,0.1133,0.0305,0.0006,0
2011-11-01,1226.42,26.01,86.96,226.23,0.0201,-0.0027,-0.0018,-0.0052,0
2011-12-01,1243.32,26.43,86.95,225.67,0.0198,0.0075,-0.0056,0.0154,0
2012-01-01,1300.58,26.74,87.48,226.67,0.0197,0.0505,0.0201,-0.0093,0
2012-02-01,1352.49,27.04,88.01,227.66,0.0197,0.0442,-0.0184,0.0042,0
2012-03-01,1389.24,27.35,88.54,229.39,0.0217,0.0312,-0.0063,0.0119,0
2012-04-01,1386.43,27.67,88.33,230.09,0.0205,-0.0085,-0.0037,-0.0077,0
2012-05-01,1341.27,28.00,88.13,229.82,0.018,-0.0617,0.0012,-0.0095,0.0001
2012-06-01,1323.48,28.32,87.92,229.48,0.0162,0.0389,0.0072,0.0055,0
2012-07-01,1359.78,28.74,87.45,229.10,0.0153,0.0079,-0.0276,-0.0006,0
2012-08-01,1403.45,29.17,86.97,230.38,0.0168,0.0254,0.005,0.0123,0.0001
2012-09-01,1443.42,29.59,86.50,231.41,0.0172,0.0273,0.0045,0.0162,0.0001
2012-01-01,1437.82,30.14,86.50,231.32,0.0175,-0.0176,-0.0109,0.0352,0.0001
2012-11-01,1394.51,30.70,86.51,230.22,0.0165,0.0078,0.006,-0.0086,0.0001
2012-12-01,1422.29,31.25,86.51,229.60,0.0172,0.0118,0.015,0.0348,0.0001
2013-01-01,1480.40,31.54,86.91,230.28,0.0191,0.0557,0.0029,0.0101,0
2013-02-01,1512.31,31.82,87.30,232.17,0.0198,0.0128,-0.003,0.0021,0
2013-03-01,1550.83,32.11,87.70,232.77,0.0196,0.0404,0.0083,-0.0022,0
2013-04-01,1570.70,32.50,88.78,232.53,0.0176,0.0156,-0.0237,0.0044,0
2013-05-01,1639.84,32.88,89.87,232.95,0.0193,0.028,0.017,0.0267,0
2013-06-01,1618.77,33.27,90.95,233.50,0.023,-0.012,0.0131,-0.0005,0
2013-07-01,1668.68,33.65,92.09,233.60,0.0258,0.0565,0.0181,0.0058,0
2013-08-01,1670.09,34.02,93.23,233.88,0.0274,-0.0271,0.0032,-0.0273,0
2013-09-01,1687.17,34.40,94.37,234.15,0.0281,0.0377,0.0289,-0.0118,0
2013-01-01,1720.03,34.60,96.31,233.55,0.0262,0.0417,-0.0156,0.0122,0
2013-11-01,1783.54,34.79,98.26,233.07,0.0272,0.0311,0.0131,0.0019,0
2013-12-01,1807.78,34.99,100.20,233.05,0.029,0.0281,-0.0044,0,0
2014-01-01,1822.36,35.40,100.42,233.92,0.0286,-0.0332,0.0093,-0.0199,0
2014-02-01,1817.04,35.82,100.63,234.78,0.0271,0.0466,0.0036,-0.0035,0
2014-03-01,1863.52,36.23,100.85,236.29,0.0272,0.0043,-0.0186,0.049,0
2014-04-01,1864.26,36.61,101.61,237.07,0.0271,-0.0018,-0.0418,0.0122,0
2014-05-01,1889.77,37.00,102.36,237.90,0.0256,0.0205,-0.0185,-0.001,0
2014-06-01,1947.09,37.38,103.12,238.34,0.026,0.026,0.0305,-0.0071,0
2014-07-01,1973.10,37.75,104.07,238.25,0.0254,-0.0203,-0.0418,-0.0008,0
2014-08-01,1961.53,38.12,105.01,237.85,0.0242,0.0424,0.0041,-0.0057,0
2014-09-01,1993.23,38.49,105.96,238.03,0.0253,-0.0196,-0.0359,-0.0147,0
2014-01-01,1937.27,38.81,104.74,237.43,0.023,0.0251,0.0405,-0.0163,0
2014-11-01,2044.57,39.12,103.53,236.15,0.0233,0.0256,-0.0205,-0.0313,0
2014-12-01,2054.27,39.44,102.31,234.81,0.0221,-0.0005,0.0253,0.0212,0
2015-01-01,2028.18,39.90,101.29,233.71,0.0188,-0.031,-0.0059,-0.0345,0
2015-02-01,2082.20,40.35,100.27,234.72,0.0198,0.0613,0.0061,-0.0179,0
2015-03-01,2079.99,40.81,99.25,236.12,0.0204,-0.0111,0.0305,-0.0038,0
2015-04-01,2094.86,41.12,97.80,236.60,0.0194,0.0059,-0.0299,0.018,0
2015-05-01,2111.94,41.43,96.36,237.81,0.022,0.0137,0.0095,-0.0111,0
2015-06-01,2099.29,41.74,94.91,238.64,0.0236,-0.0152,0.0294,-0.0082,0
2015-07-01,2094.14,42.00,93.49,238.65,0.0232,0.0157,-0.0417,-0.0416,0
2015-08-01,2039.87,42.25,92.08,238.32,0.0217,-0.0602,0.0037,0.0275,0
2015-09-01,1944.41,42.51,90.66,237.95,0.0217,-0.0306,-0.0263,0.0055,0
2015-01-01,2024.81,42.80,89.28,237.84,0.0207,0.0775,-0.019,-0.0047,0
2015-11-01,2080.62,43.10,87.91,237.34,0.0226,0.0057,0.0358,-0.0043,0
2015-12-01,2054.08,43.39,86.53,236.53,0.0224,-0.0215,-0.028,-0.0257,0.0001
2016-01-01,1918.60,43.55,86.50,236.92,0.0209,-0.0574,-0.034,0.0208,0.0001
2016-02-01,1904.42,43.72,86.47,237.11,0.0178,-0.0006,0.0073,-0.0061,0.0002
2016-03-01,2021.95,43.88,86.44,238.13,0.0189,0.0695,0.0075,0.0122,0.0002
2016-04-01,2075.54,44.07,86.60,239.26,0.0181,0.0092,0.0077,0.0322,0.0001
2016-05-01,2065.55,44.27,86.76,240.23,0.0181,0.0178,-0.0018,-0.0162,0.0001
2016-06-01,2083.89,44.46,86.92,241.02,0.0164,-0.0003,0.006,-0.0149,0.0002
2016-07-01,2148.90,44.65,87.64,240.63,0.015,0.0394,0.0245,-0.0124,0.0002
2016-08-01,2170.95,44.84,88.37,240.85,0.0156,0.0049,0.0117,0.0317,0.0002
2016-09-01,2157.69,45.03,89.09,241.43,0.0163,0.0027,0.0208,-0.0119,0.0002
2016-01-01,2143.02,45.25,90.91,241.73,0.0176,-0.0201,-0.0439,0.0411,0.0002
2016-11-01,2164.99,45.48,92.73,241.35,0.0214,0.0486,0.056,0.0829,0.0001
2016-12-01,2246.63,45.70,94.55,241.43,0.0249,0.0181,0.0014,0.0347,0.0003
2017-01-01,2275.12,45.93,96.46,242.84,0.0243,0.0194,-0.0116,-0.0276,0.0004
2017-02-01,2329.91,46.15,98.38,243.60,0.0242,0.0355,-0.0215,-0.015,0.0004
2017-03-01,2366.82,46.38,100.29,243.80,0.0248,0.0017,0.0113,-0.0333,0.0003
2017-04-01,2359.31,46.66,101.53,244.52,0.023,0.0108,0.0066,-0.0205,0.0005
2017-05-01,2395.35,46.94,102.78,244.73,0.023,0.0107,-0.0252,-0.0382,0.0006
2017-06-01,2433.99,47.22,104.02,244.96,0.0219,0.0079,0.0221,0.015,0.0006
2017-07-01,2454.10,47.54,105.04,244.79,0.0232,0.0188,-0.0145,-0.0023,0.0007
2017-08-01,2456.22,47.85,106.06,245.52,0.0221,0.0018,-0.0167,-0.0213,0.0009
2017-09-01,2492.84,48.17,107.08,246.82,0.022,0.0249,0.0445,0.0315,0.0009
2017-01-01,2557.00,48.42,108.01,246.66,0.0236,0.0226,-0.0193,0.0013,0.0009
2017-11-01,2593.61,48.68,108.95,246.67,0.0235,0.0312,-0.006,-0.0009,0.0008
2017-12-01,2664.34,48.93,109.88,246.52,0.024,0.0106,-0.0132,0.0005,0.0009
2018-01-01,2789.80,49.29,111.73,247.87,0.0258,0.0558,-0.0316,-0.0132,0.0011
2018-02-01,2705.16,49.64,113.59,248.99,0.0286,-0.0364,0.0027,-0.011,0.0011
2018-03-01,2702.77,50.00,115.44,249.55,0.0284,-0.0235,0.0405,-0.0021,0.0012
2018-04-01,2653.63,50.33,117.79,250.55,0.0287,0.0027,0.0109,0.0053,0.0014
2018-05-01,2701.49,50.66,120.13,251.59,0.02976,0.0266,0.0524,-0.0314,0.0014
2018-06-01,2754.35,50.99,122.48,251.99,0.0291,0.0049,0.0111,-0.0233,0.0014
2018-07-01,2793.64,51.44,125.12,252.01,0.0289,0.032,-0.0223,0.0049,0.0016
2018-08-01,2857.82,51.89,127.75,252.15,0.0289,0.0345,0.0114,-0.0391,0.0016
2018-09-01,2901.50,52.34,130.39,252.44,0.03,0.0006,-0.0229,-0.0162,0.0015
2018-01-01,2785.46,52.81,131.06,252.89,0.0315,-0.0765,-0.047,0.0338,0.0019
2018-11-01,2723.23,53.28,131.72,252.04,0.0312,0.0171,-0.0073,0.0036,0.0018
2018-12-01,2567.31,53.75,132.39,251.23,0.0283,-0.0955,-0.0231,-0.0192,0.0019
2019-01-01,2607.39,54.15,133.06,251.71,0.0271,0.0837,0.0276,-0.0039,0.0021
2019-02-01,2754.86,54.54,133.72,252.78,0.0268,0.0342,0.0205,-0.0266,0.0018
2019-03-01,2803.98,54.94,134.39,254.20,0.0257,0.011,-0.0303,-0.0414,0.0019
2019-04-01,2903.80,55.32,134.68,255.55,0.0253,0.0397,-0.0174,0.0213,0.0021
2019-05-01,2854.71,55.70,134.98,256.09,0.024,-0.0692,-0.0126,-0.0245,0.0021
2019-06-01,2890.17,56.08,135.27,256.14,0.0206,0.0699,0.0011,-0.0064,0.0018
2019-07-01,2996.11,56.46,134.48,256.57,0.0163,0.0123,-0.0196,0.005,0.0019
2019-08-01,2897.50,56.84,133.69,256.56,0.0163,-0.0255,-0.0239,-0.0477,0.0016
2019-09-01,2982.16,57.22,132.90,256.76,0.017,0.0141,-0.0097,0.0676,0.0018
2019-01-01,2977.68,57.56,135.09,257.35,0.0171,0.0207,0.0027,-0.0192,0.0015
2019-11-01,3104.90,57.90,137.28,257.21,0.0181,0.0387,0.0072,-0.02,0.0012
2019-12-01,3176.75,58.24,139.47,256.97,0.0186,0.0277,0.0076,0.0173,0.0014
2020-01-01,3278.20,58.69,131.76,257.97,0.0176,-0.0011,-0.031,-0.0622,0.0013
2020-02-01,3277.31,59.13,124.04,258.68,0.015,-0.0815,0.0108,-0.0382,0.0012
2020-03-01,2652.39,59.58,116.33,258.12,0.0087,-0.1337,-0.0469,-0.1383,0.0012
2020-04-01,2761.98,59.61,110.63,256.39,0.0066,0.136,0.025,-0.0134,0
2020-05-01,2919.62,59.65,104.93,256.39,0.0067,0.0557,0.024,-0.05,0.0001
2020-06-01,3104.66,59.68,99.23,257.80,0.0073,0.0245,0.0267,-0.0217,0.0001
2020-07-01,3207.62,59.40,98.89,259.10,0.0062,0.0583,-0.0235,-0.0144,0.0001
2020-08-01,3391.71,59.13,98.56,259.92,0.0065,0.0762,-0.002,-0.0302,0.0001
2020-09-01,3365.52,58.85,98.22,260.28,0.0068,-0.0364,0.0006,-0.0272,0.0001
2020-01-01,3418.70,58.66,96.86,260.39,0.0079,-0.0208,0.0434,0.0425,0.0001
2020-11-01,3548.99,58.47,95.49,260.23,0.0087,0.1245,0.0581,0.0209,0.0001
2020-12-01,3695.31,58.28,94.13,260.47,0.0093,0.0463,0.0501,-0.0168,0.0001
2021-01-01,3793.75,58.06,105.49,261.58,0.0108,-0.0007,0.0714,0.0322,0
2021-02-01,3883.43,57.85,116.84,263.01,0.0126,0.0281,0.0202,0.072,0
2021-03-01,3910.51,57.63,128.20,264.88,0.0161,0.0317,-0.0233,0.0735,0
2021-04-01,4141.18,57.71,138.39,267.05,0.0164,0.0495,-0.0319,-0.0102,0
2021-05-01,4167.85,57.79,148.57,269.20,0.0162,0.003,-0.002,0.0704,0
2021-06-01,4238.49,57.87,158.76,271.70,0.0152,0.0274,0.017,-0.0786,0
2021-07-01,4363.71,58.33,164.32,273.00,0.0132,0.0134,-0.0393,-0.0179,0
2021-08-01,4454.21,58.79,169.87,273.57,0.0128,0.0294,-0.0032,-0.0023,0
2021-09-01,4445.54,59.25,175.43,274.31,0.0137,-0.044,0.0066,0.0512,0
2021-01-01,4460.71,59.64,182.91,276.59,0.0158,0.0663,-0.0226,-0.0053,0
2021-11-01,4667.39,60.02,190.39,277.95,0.0156,-0.0158,-0.0131,-0.0037,0
2021-12-01,4674.77,60.40,197.87,278.80,0.0147,0.0323,-0.0163,0.0325,0.0001
2022-01-01,4573.82,60.92,197.88,281.15,0.0176,-0.0616,-0.0593,0.1286,0
2022-02-01,4435.98,61.45,197.90,283.72,0.0193,-0.0228,0.0216,0.0306,0
2022-03-01,4391.27,61.97,197.91,287.50,0.0213,0.0308,-0.0155,-0.019,0
2022-04-01,4391.30,62.65,196.03,289.11,0.0275,-0.0941,-0.0135,0.0618,0
2022-05-01,4040.36,63.34,194.14,292.30,0.029,-0.0034,-0.0184,0.0844,0.0003
2022-06-01,3898.95,64.02,192.26,296.31,0.0314,-0.084,0.0207,-0.06,0.0006
2022-07-01,3911.73,64.45,190.58,296.28,0.029,0.0957,0.0284,-0.0415,0.0008
2022-08-01,4158.56,64.89,188.91,296.17,0.029,-0.0377,0.0141,0.0018,0.0019
2022-09-01,3850.52,65.32,187.23,296.81,0.0352,-0.0934,-0.0076,0.0003,0.0019
2022-01-01,3726.05,65.85,182.40,298.01,0.0398,0.0785,0.0001,0.0797,0.0023
2022-11-01,3917.49,66.39,177.58,297.71,0.0389,0.0465,-0.0357,0.0148,0.0029
2022-12-01,3912.38,66.92,172.75,296.80,0.0362,-0.0638,-0.0076,0.0134,0.0033
2023-01-01,3960.66,67.35,173.56,299.17,0.0353,0.0661,0.0501,-0.0394,0.0035
2023-02-01,4079.68,67.78,174.36,300.84,0.0375,-0.0257,0.0105,-0.008,0.0034
2023-03-01,3968.56,68.21,175.17,301.84,0.0366,0.0248,-0.0548,-0.0905,0.0036
2023-04-01,4121.47,68.38,177.12,303.36,0.0346,0.0062,-0.0337,-0.0012,0.0035
2023-05-01,4146.17,68.54,179.06,304.13,0.0357,0.0034,0.016,-0.0779,0.0036
2023-06-01,4345.37,68.71,181.01,305.11,0.0375,0.0646,0.0149,-0.0013,0.004
2023-07-01,4508.08,68.91,182.09,305.69,0.039,0.0321,0.0214,0.0402,0.0045
2023-08-01,4457.36,69.11,183.17,307.03,0.0417,-0.0236,-0.0304,-0.0129,0.0045
2023-09-01,4409.10,69.31,184.25,307.79,0.0438,-0.0523,-0.0247,0.0147,0.0043
2023-01-01,4269.40,69.64,186.98,307.67,0.048,-0.0315,-0.0386,0.0021,0.0047
2023-11-01,4460.06,69.97,189.70,307.05,0.045,0.0888,-0.0014,0.0178,0.0044
2023-12-01,4685.05,70.30,192.43,306.75,0.0402,0.0485,0.0628,0.0494,0.0043
2024-01-01,4815.61,70.48,192.08,308.42,0.0406,0.0073,-0.0505,-0.0236,0.0047
2024-02-01,5011.96,70.65,191.74,310.33,0.0421,0.0507,-0.0022,-0.0347,0.0042
2024-03-01,5170.57,70.82,191.39,312.33,0.0421,0.0284,-0.0248,0.0414,0.0043
2024-04-01,5112.49,71.21,193.18,313.55,0.0454,-0.0465,-0.0237,-0.005,0.0047
2024-05-01,5235.23,71.59,194.97,314.07,0.0448,0.0433,0.0056,-0.0135,0.0044
2024-06-01,5415.14,71.98,196.76,314.18,0.0431,0.028,-0.0302,-0.0331,0.0041
2024-07-01,5538.00,72.45,197.93,314.54,0.0425,0.0122,0.0679,0.056,0.0045
2024-08-01,5478.21,72.93,199.10,314.80,0.0387,0.016,-0.035,-0.011,0.0048
2024-09-01,5621.26,73.40,200.27,315.30,0.0372,0.0172,-0.0012,-0.0277,0.004
2024-01-01,5792.32,73.88,203.57,315.66,0.041,-0.01,-0.0096,0.0089,0.0039
2024-11-01,5929.92,74.35,206.87,315.49,0.0436,0.0649,0.0454,0.0029,0.004
2024-12-01,6010.91,74.83,210.17,315.61,0.0439,-0.0317,-0.027,-0.0298,0.0037
2025-01-01,5979.52,75.27,212.34,317.67,0.0463,0.028,-0.0195,0.0166,0.0037
2025-02-01,6038.69,75.71,214.52,319.08,0.0445,-0.0244,-0.0578,0.0488,0.0033
2025-03-01,5683.98,76.15,216.69,319.80,0.0428,-0.0639,-0.0274,0.0294,0.0034
2025-04-01,5369.50,76.55,218.64,320.80,0.0428,-0.0084,-0.0054,-0.0336,0.0035
2025-05-01,5810.92,76.95,220.58,321.47,0.0442,0.0606,0.0067,-0.0296,0.0038
2025-06-01,6029.95,77.35,222.53,322.56,0.0438,0.0486,0.008,-0.0166,0.0034
2025-07-01,6296.50,77.73,226.77,323.05,0.0439,0.0198,0.003,-0.0132,0.0034
2025-08-01,6408.95,78.10,231.01,323.98,0.0426,0.0184,0.038,0.0446,0.0038
2025-09-01,6584.02,78.48,235.25,324.80,0.0412,0.0339,-0.019,-0.0094,0.0033
2025-01-01,6735.69,78.83,241.20,325.21,0.0406,0.0196,-0.0082,-0.028,0.0037
2025-11-01,6740.89,79.17,247.16,324.12,0.0409,-0.0013,0.0054,0.0357,0.003
2025-12-01,6853.03,79.52,253.11,324.05,0.0414,-0.0036,-0.0103,0.0236,0.0034
2026-01-01,6929.12,79.80,266.60,325.25,0.0421,0.0103,0.0212,0.0386,0.003
2026-02-01,6893.81,80.08,280.09,326.79,0.0413,-0.0117,0.0024,0.0265,0.0028
2026-03-01,6654.42,80.37,293.58,330.21,0.0425,-0.0518,0.0044,0.0335,0.0029
,,,,,,,,,
,,,,,,,,,
,,,,,,,,,
,,,,,,,,,
,,,,,,,,,
,,,,,,,,,
,,,,,,,,,
,,,,,,,,,
,,,,,,,,,
,,,,,,,,,
,,,,,,,,,
,,,,,,,,,
,,,,,,,,,
,,,,,,,,,
,,,,,,,,,
,,,,,,,,,
,,,,,,,,,
,,,,,,,,,
,,,,,,,,,
,,,,,,,,,
,,,,,,,,,
,,,,,,,,,
,,,,,,,,,
,,,,,,,,,
,,,,,,,,,
,,,,,,,,,
,,,,,,,,,
,,,,,,,,,
,,,,,,,,,
,,,,,,,,,
,,,,,,,,,
,,,,,,,,,
,,,,,,,,,
,,,,,,,,,
,,,,,,,,,
,,,,,,,,,
,,,,,,,,,
,,,,,,,,,
,,,,,,,,,
,,,,,,,,,
,,,,,,,,,
,,,,,,,,,
,,,,,,,,,
,,,,,,,,,
,,,,,,,,,
,,,,,,,,,
,,,,,,,,,
,,,,,,,,,
,,,,,,,,,
,,,,,,,,,
,,,,,,,,,
,,,,,,,,,
,,,,,,,,,
,,,,,,,,,
,,,,,,,,,
,,,,,,,,,
,,,,,,,,,
,,,,,,,,,
,,,,,,,,,
,,,,,,,,,
,,,,,,,,,
,,,,,,,,,
,,,,,,,,,
,,,,,,,,,
,,,,,,,,,
,,,,,,,,,
,,,,,,,,,
,,,,,,,,,
,,,,,,,,,
,,,,,,,,,
,,,,,,,,,
,,,,,,,,,
,,,,,,,,,
,,,,,,,,,
,,,,,,,,,
,,,,,,,,,
,,,,,,,,,
,,,,,,,,,
,,,,,,,,,
,,,,,,,,,
,,,,,,,,,
,,,,,,,,,
,,,,,,,,,
,,,,,,,,,
,,,,,,,,,
,,,,,,,,,
,,,,,,,,,
,,,,,,,,,
,,,,,,,,,
,,,,,,,,,
,,,,,,,,,
,,,,,,,,,
,,,,,,,,,
,,,,,,,,,
,,,,,,,,,
,,,,,,,,,
,,,,,,,,,
,,,,,,,,,
,,,,,,,,,
,,,,,,,,,
,,,,,,,,,
,,,,,,,,,
,,,,,,,,,
,,,,,,,,,
,,,,,,,,,
,,,,,,,,,
,,,,,,,,,
,,,,,,,,,
,,,,,,,,,
,,,,,,,,,
,,,,,,,,,
,,,,,,,,,
,,,,,,,,,
,,,,,,,,,
,,,,,,,,,
,,,,,,,,,
,,,,,,,,,
,,,,,,,,,
,,,,,,,,,
,,,,,,,,,
,,,,,,,,,
,,,,,,,,,
,,,,,,,,,
,,,,,,,,,
,,,,,,,,,
,,,,,,,,,
,,,,,,,,,
,,,,,,,,,
,,,,,,,,,
,,,,,,,,,
,,,,,,,,,
,,,,,,,,,
,,,,,,,,,
,,,,,,,,,
,,,,,,,,,
,,,,,,,,,
,,,,,,,,,
,,,,,,,,,
,,,,,,,,,
,,,,,,,,,
,,,,,,,,,
,,,,,,,,,
,,,,,,,,,
,,,,,,,,,
,,,,,,,,,
,,,,,,,,,
,,,,,,,,,
,,,,,,,,,
,,,,,,,,,
,,,,,,,,,
,,,,,,,,,
,,,,,,,,,
,,,,,,,,,
,,,,,,,,,
,,,,,,,,,
,,,,,,,,,
,,,,,,,,,
,,,,,,,,,
,,,,,,,,,
,,,,,,,,,
,,,,,,,,,
,,,,,,,,,
,,,,,,,,,
,,,,,,,,,
,,,,,,,,,
,,,,,,,,,
,,,,,,,,,
,,,,,,,,,
,,,,,,,,,
,,,,,,,,,
,,,,,,,,,
,,,,,,,,,
,,,,,,,,,
,,,,,,,,,
,,,,,,,,,
,,,,,,,,,
,,,,,,,,,
,,,,,,,,,
,,,,,,,,,
,,,,,,,,,
,,,,,,,,,
,,,,,,,,,
,,,,,,,,,
,,,,,,,,,
,,,,,,,,,
,,,,,,,,,
,,,,,,,,,
,,,,,,,,,
,,,,,,,,,
,,,,,,,,,
,,,,,,,,,
,,,,,,,,,
,,,,,,,,,
,,,,,,,,,
,,,,,,,,,
,,,,,,,,,
,,,,,,,,,
,,,,,,,,,
,,,,,,,,,
,,,,,,,,,
,,,,,,,,,
,,,,,,,,,
,,,,,,,,,
,,,,,,,,,
,,,,,,,,,
,,,,,,,,,
,,,,,,,,,
,,,,,,,,,
,,,,,,,,,
,,,,,,,,,
,,,,,,,,,
,,,,,,,,,
,,,,,,,,,
,,,,,,,,,
,,,,,,,,,
,,,,,,,,,
,,,,,,,,,
,,,,,,,,,
,,,,,,,,,
,,,,,,,,,
,,,,,,,,,
,,,,,,,,,
,,,,,,,,,
,,,,,,,,,
,,,,,,,,,
,,,,,,,,,
,,,,,,,,,
,,,,,,,,,
,,,,,,,,,
,,,,,,,,,
,,,,,,,,,
,,,,,,,,,
,,,,,,,,,
,,,,,,,,,
,,,,,,,,,
,,,,,,,,,
,,,,,,,,,
,,,,,,,,,
,,,,,,,,,
,,,,,,,,,
,,,,,,,,,
,,,,,,,,,
,,,,,,,,,
,,,,,,,,,
,,,,,,,,,
,,,,,,,,,
,,,,,,,,,
,,,,,,,,,
,,,,,,,,,
,,,,,,,,,
,,,,,,,,,
,,,,,,,,,
,,,,,,,,,
,,,,,,,,,
,,,,,,,,,
,,,,,,,,,
,,,,,,,,,
,,,,,,,,,
,,,,,,,,,
,,,,,,,,,
,,,,,,,,,
,,,,,,,,,
,,,,,,,,,
,,,,,,,,,
,,,,,,,,,
,,,,,,,,,
,,,,,,,,,
,,,,,,,,,
,,,,,,,,,
,,,,,,,,,
,,,,,,,,,
,,,,,,,,,
,,,,,,,,,
,,,,,,,,,
,,,,,,,,,
,,,,,,,,,
,,,,,,,,,
,,,,,,,,,
,,,,,,,,,
,,,,,,,,,
,,,,,,,,,
,,,,,,,,,
,,,,,,,,,
,,,,,,,,,
,,,,,,,,,
,,,,,,,,,
,,,,,,,,,
,,,,,,,,,
,,,,,,,,,
,,,,,,,,,
,,,,,,,,,
,,,,,,,,,
,,,,,,,,,
,,,,,,,,,
,,,,,,,,,
,,,,,,,,,
,,,,,,,,,
,,,,,,,,,
,,,,,,,,,
,,,,,,,,,
,,,,,,,,,
,,,,,,,,,
,,,,,,,,,
,,,,,,,,,
,,,,,,,,,
,,,,,,,,,
,,,,,,,,,
,,,,,,,,,
,,,,,,,,,
,,,,,,,,,
,,,,,,,,,
,,,,,,,,,
,,,,,,,,,
,,,,,,,,,
,,,,,,,,,
,,,,,,,,,
,,,,,,,,,
,,,,,,,,,
,,,,,,,,,
,,,,,,,,,
,,,,,,,,,
,,,,,,,,,
,,,,,,,,,
,,,,,,,,,
,,,,,,,,,
,,,,,,,,,
,,,,,,,,,
,,,,,,,,,
,,,,,,,,,
,,,,,,,,,
,,,,,,,,,
,,,,,,,,,
,,,,,,,,,
,,,,,,,,,
,,,,,,,,,
,,,,,,,,,
,,,,,,,,,
,,,,,,,,,
,,,,,,,,,
,,,,,,,,,
,,,,,,,,,
,,,,,,,,,
,,,,,,,,,
,,,,,,,,,
,,,,,,,,,
,,,,,,,,,
,,,,,,,,,
,,,,,,,,,
,,,,,,,,,
,,,,,,,,,
,,,,,,,,,
,,,,,,,,,
,,,,,,,,,
,,,,,,,,,
,,,,,,,,,
,,,,,,,,,
,,,,,,,,,
,,,,,,,,,
,,,,,,,,,
,,,,,,,,,
,,,,,,,,,
,,,,,,,,,
,,,,,,,,,
,,,,,,,,,
,,,,,,,,,
,,,,,,,,,
,,,,,,,,,
,,,,,,,,,
,,,,,,,,,
,,,,,,,,,
,,,,,,,,,
,,,,,,,,,
,,,,,,,,,
,,,,,,,,,
,,,,,,,,,
,,,,,,,,,
,,,,,,,,,
,,,,,,,,,
,,,,,,,,,
,,,,,,,,,
,,,,,,,,,
